{"type":"FeatureCollection","crs":{"type":"name","properties":{"name":"urn:ogc:def:crs:OGC:1.3:CRS84"}},"features":[{"type":"Feature","properties":{"DPTO":"05","NOMBRE_DPT":"ANTIOQUIA","AREA":63351855546.895,"PERIMETER":1963728.843,"HECTARES":6335185.555},"geometry":{"type":"Polygon","coordinates":[[[-76.30729675220047,8.619299889431787],[-76.26290130676628,8.603500365680683],[-76.22709655816153,8.583700180478338],[-76.21730041464741,8.571599959760825],[-76.1965026855125,8.418399811395048],[-76.25409698408104,8.369500160819292],[-76.34279632496266,8.23299980160168],[-76.37270355154604,8.164400100997586],[-76.39289855993928,8.133299827578782],[-76.41300201361823,8.073300361051198],[-76.42279815623768,7.973400115699819],[-76.4901962286745,7.835100174637252],[-76.51889801071424,7.657899856971198],[-76.5027008054589,7.597700119608963],[-76.48770141621033,7.580299853717709],[-76.4773025517116,7.535200119636533],[-76.46630096375459,7.529399872094436],[-76.4046020507154,7.411300183164449],[-76.34690093930153,7.353300095130255],[-76.0304031367223,7.353099823211561],[-75.91169738718659,7.368800163483882],[-75.84140014721415,7.388700008248152],[-75.83560180639391,7.409500121270003],[-75.82579803468465,7.408899784895779],[-75.8103027344576,7.425000190449654],[-75.70079803415011,7.583399772785804],[-75.67610168526507,7.678599834534111],[-75.6495971672464,7.713099955785207],[-75.62660217234342,7.726299761887654],[-75.58509826681477,7.733699798964517],[-75.5649032589237,7.715700148721089],[-75.54530334394856,7.708099842657556],[-75.50319671548007,7.707300186485617],[-75.49169921858338,7.725800036612297],[-75.49340057287709,7.746600151278394],[-75.4835968023731,7.750000000086353],[-75.46980285570308,7.775899886378943],[-75.47389984068008,7.807700157303518],[-75.39659881509667,7.830500126472528],[-75.34649658256556,7.856800079086724],[-75.33380126958613,7.918000221099718],[-75.32170105001059,7.931799888338591],[-75.30100250311813,7.933499813729177],[-75.28140258854027,7.966899872493454],[-75.26069641104293,7.969099998655555],[-75.25430297769414,7.991600035899619],[-75.22899627628625,8.024399758010198],[-75.21630096458713,8.031900405998972],[-75.07340240538964,8.03590011660516],[-74.95860290613534,8.050499916488477],[-74.91079711970968,8.088399887575772],[-74.89589691100421,8.124699592315679],[-74.85440063402258,8.172499656241579],[-74.83393859906994,8.185330391530504],[-74.79499816834051,8.161299705059276],[-74.77880096476757,8.139200210579524],[-74.60289764402116,7.976200103433199],[-74.53890228311504,7.904900074560325],[-74.53420257619175,7.796800136447047],[-74.51519775348743,7.741899967358815],[-74.48059844990192,7.709400176490059],[-74.47709655797303,7.697199821479246],[-74.51509857234845,7.648900031303961],[-74.56349944982594,7.615600109749266],[-74.57099914502224,7.603499889790426],[-74.57959747361532,7.540599822696255],[-74.61589813252593,7.454100131555791],[-74.61409759452994,7.428699970774118],[-74.56970214789229,7.372399806367962],[-74.54149627668997,7.357299805039477],[-74.51609802301547,7.319099902602219],[-74.50689697332042,7.317299842505785],[-74.47109985383912,7.330999851736218],[-74.4664993278003,7.351799964339437],[-74.43830108589384,7.377099991312115],[-74.42220306440669,7.4341998107133],[-74.38939666725024,7.471000194762328],[-74.37550354079596,7.40740013196023],[-74.36280059799395,7.383699894009925],[-74.37200164812884,7.359499931630591],[-74.42099761911143,7.321000099961039],[-74.42620086675952,7.31059980394875],[-74.41860198916082,7.237800120848056],[-74.4272003182326,7.170199870809124],[-74.40010070853826,7.093299865207624],[-74.37239837561438,7.042399882792965],[-74.37180328390771,7.000800133157362],[-74.3163986209337,6.979199886456398],[-74.29969787526348,6.986599922893151],[-74.24839782773549,6.985199928232845],[-73.95400238066635,7.263599872631961],[-73.95169830352059,7.178100108569347],[-73.93720245303308,7.124899865028645],[-73.9401016237407,7.083899974564238],[-73.90779876718027,7.029399871113755],[-73.89620208664073,6.992400169888879],[-73.9037017829137,6.978000164218696],[-73.95320129411749,6.929100037083215],[-74.00859832749636,6.90799999239546],[-74.11340332078473,6.824100018286071],[-74.12899780326886,6.801599979885607],[-74.14569854770333,6.757199763912408],[-74.18540191728694,6.722700119287145],[-74.25569915846073,6.688899994148797],[-74.27819824174888,6.667699814056143],[-74.28859710693466,6.647500038434039],[-74.30130004879105,6.644700049902644],[-74.34449768108108,6.612500189899801],[-74.39230346696118,6.603499889083563],[-74.41819763260362,6.575799942426088],[-74.44419860875075,6.530900000885353],[-74.43379974313244,6.509500027053331],[-74.43139648353284,6.465600013090715],[-74.41760253886632,6.422800064291422],[-74.39450073257285,6.386899948311367],[-74.39910125765913,6.377099990120219],[-74.4475021354614,6.366899967886194],[-74.48549652145502,6.312099933081873],[-74.54370117119971,6.248799801443227],[-74.55178833034805,6.247377871790396],[-74.55580139153115,6.254700183420697],[-74.56680297915725,6.251299857942371],[-74.60189819281554,6.19770002447226],[-74.60820007313721,6.157899856107093],[-74.62259674047141,6.130799769744842],[-74.63009643617211,6.092700004144659],[-74.60700225914091,6.061999797275286],[-74.58969879129486,6.058400153394282],[-74.58740234343878,6.048600196384561],[-74.60579681423455,6.014599799638958],[-74.58910369929602,5.992599964131569],[-74.58740234315485,5.979899883615309],[-74.59079742479823,5.972899913188385],[-74.62599944983677,5.956900119392801],[-74.62539672926866,5.929800033345536],[-74.60919952357885,5.888700008028772],[-74.65129852292414,5.869200230308164],[-74.66049957308135,5.856599807274106],[-74.67320251487565,5.797100066386489],[-74.67430114805391,5.758399963659738],[-74.68470001239817,5.750999927058],[-74.69499969528516,5.752699852418464],[-74.69850158688868,5.762000084472129],[-74.72270202612108,5.759799957917917],[-74.75499725316037,5.704999923102951],[-74.75779724081355,5.690000057082944],[-74.77799987796588,5.680300235892611],[-74.80680084304231,5.679299830707008],[-74.85350036695381,5.69619989378328],[-74.8638992304818,5.720499991705456],[-74.8771972657766,5.733900069916044],[-75.01670074465055,5.705599785045396],[-75.02010345437935,5.691100120245491],[-75.03510284460417,5.674399852560847],[-75.11579894984507,5.648200034784886],[-75.12670135458525,5.612400055049961],[-75.1243972786185,5.580699920189326],[-75.15319824141925,5.563499927493074],[-75.1669998169849,5.531199932816367],[-75.17970275894331,5.522600174653419],[-75.2350006109337,5.512400150979241],[-75.25460052454358,5.473199844609219],[-75.28800201350874,5.458300113884607],[-75.33650207475088,5.456799983979224],[-75.3440017693265,5.464300156381754],[-75.35379791309867,5.516900063279623],[-75.36650085386627,5.533199787584718],[-75.37400055012989,5.594999790087257],[-75.40920257514279,5.605500221097],[-75.39360046308724,5.65339994498265],[-75.42590332048304,5.683599948801881],[-75.45359802222092,5.687200070220872],[-75.48470306380825,5.665900229745103],[-75.50779724169895,5.660200119153466],[-75.51409912151844,5.668399811190201],[-75.53720092734183,5.673099994405761],[-75.5590972903683,5.691699981181134],[-75.56659698407117,5.713600159551485],[-75.61849975578244,5.726600169311515],[-75.62513732876103,5.725503445245245],[-75.62599945011648,5.717299938786939],[-75.61730194169994,5.679800033676292],[-75.6270980826727,5.665900231200006],[-75.61959838917673,5.63649988115167],[-75.62650299027705,5.597799777295953],[-75.61730194126169,5.574100017231886],[-75.6143035887241,5.515100002175176],[-75.65930175842499,5.519400119883818],[-75.71230316174491,5.504000186203532],[-75.72850036588088,5.506400109153295],[-75.74410247819971,5.527200221643493],[-75.7723007193735,5.525000094934626],[-75.81030273503451,5.514200210813313],[-75.84089660680546,5.514299870055166],[-75.88240051223457,5.489099979658747],[-75.886505127028,5.475137710456404],[-75.89620208753608,5.471799849879046],[-76.01730346716892,5.471799849662152],[-76.02819824252542,5.486299990892151],[-76.04669952476272,5.491499900836129],[-76.0640029901255,5.514100075505284],[-76.06980133022022,5.57250022853025],[-76.12110137999773,5.62470006976247],[-76.1326980589299,5.650700092463448],[-76.12290191679499,5.712500096037084],[-76.13899993845573,5.729899883809471],[-76.12870025639245,5.745999813047876],[-76.15979766836433,5.805699825279717],[-76.14610290590532,5.915299891821761],[-76.15010070813456,5.935599804578244],[-76.131698608039,5.974800109160809],[-76.15709686283013,5.985300063253448],[-76.21929931645306,5.99359989086673],[-76.24410247787196,6.020299911445419],[-76.2655029302992,6.113999842985375],[-76.25569915816106,6.173999786515278],[-76.2631988516977,6.186699867739748],[-76.2770996095542,6.196000099001987],[-76.2898025509024,6.194900036692442],[-76.36180114826932,6.177299976465262],[-76.5641021722987,6.16489982615013],[-76.60559845018106,6.156400203544358],[-76.71656036442698,6.168775558153636],[-76.72357177810643,6.18216037780984],[-76.71752929719678,6.195628642446014],[-76.72775268470909,6.237427234065986],[-76.75746917661014,6.252289294785504],[-76.75189971866641,6.278761386053188],[-76.7579345704416,6.286192416976645],[-76.7802276612121,6.28619241700711],[-76.79277038491514,6.317309379329037],[-76.7918395996529,6.327991008943566],[-76.78162384033529,6.333564280845983],[-76.79462432821698,6.345871447744817],[-76.79183959961144,6.354695797078685],[-76.77651214587299,6.363287448152252],[-76.7751235963978,6.370254039664343],[-76.78998565631233,6.377220631425899],[-76.78765869061893,6.383722305977217],[-76.77233123728226,6.381864547059075],[-76.76908111586299,6.388831139128172],[-76.7727966305837,6.398584366638087],[-76.79880523758284,6.416232586361292],[-76.79833984323189,6.424592018662285],[-76.776512145758,6.422269821769438],[-76.76815795847149,6.426449775663951],[-76.76676178020541,6.437131881694521],[-76.77279663021167,6.443169117007646],[-76.79044342080633,6.435738563336868],[-76.79833984439908,6.438525200554849],[-76.79973602354944,6.44642019258162],[-76.78580474935775,6.476608277138213],[-76.77837371886247,6.467783927098191],[-76.7714080807661,6.470570564378135],[-76.77187347378661,6.482181549718671],[-76.80716705340163,6.510511398263146],[-76.81784820510678,6.491469859291483],[-76.82481384219686,6.490076542367889],[-76.82295989968254,6.525372982116305],[-76.84571075360375,6.524444103265264],[-76.85314178389744,6.558115482497395],[-76.86846923793736,6.572977065738489],[-76.8902969360704,6.563224315803184],[-76.89912414628546,6.574834823517397],[-76.90237426772381,6.589231968312541],[-76.89494323705497,6.607344628086797],[-76.86708068808997,6.609666824203305],[-76.86243438674339,6.623135566043085],[-76.87496948278323,6.631959438442435],[-76.90933990471261,6.628243922473041],[-76.91537475644436,6.639854907893487],[-76.89819336005198,6.666791915383499],[-76.90933990441495,6.674222468611949],[-76.91909027142064,6.667256355386577],[-76.92327117925977,6.651465415380915],[-76.93721008384126,6.6519298547982],[-76.94046020571675,6.686762332956602],[-76.94463348449005,6.68908405239077],[-76.95067596511761,6.677473544581378],[-76.96646881052668,6.677937984039827],[-76.9687881475559,6.68444013646069],[-76.9381332403617,6.715092181639669],[-76.9399948127017,6.722058773715097],[-76.96042632982066,6.728096485599782],[-76.96878814741844,6.741564750679825],[-76.96228790215753,6.793580531790207],[-76.97668457004195,6.798689364535768],[-76.97575378422609,6.813550949536213],[-76.9372100835288,6.814479827245133],[-76.91863250793489,6.848615647189761],[-76.90330505290717,6.835611343965126],[-76.88333129925947,6.852795123835589],[-76.85639953670541,6.84582900929199],[-76.8396759034277,6.831431389218758],[-76.83596038894834,6.840720176302679],[-76.82156372104048,6.84072017599898],[-76.83271026647566,6.861619472251839],[-76.80066680870091,6.863941669366966],[-76.79508972159586,6.871836661649083],[-76.79137420575047,6.889020919602314],[-76.8037490851017,6.951627254801634],[-76.81483459508013,6.965312004557134],[-76.83168029857681,6.958639144797749],[-76.84020233195248,6.994400024132235],[-76.83439636258672,7.009399890332928],[-76.75599670443164,7.012499809307531],[-76.72200012169873,7.026199818514402],[-76.70590209892563,7.026100158358671],[-76.64759826743968,7.000500202855816],[-76.61129760812993,6.99860000632218],[-76.57379913271683,6.973599910279644],[-76.55599975644871,6.970600128272714],[-76.54669952379648,6.988500118393782],[-76.54329681374404,7.060100078057858],[-76.50299835182608,7.140200138574913],[-76.51629638718522,7.162199974451346],[-76.52610015931832,7.226399898090898],[-76.54229736288423,7.254199981339668],[-76.55780029280884,7.262400150985607],[-76.58705139152107,7.303156853240242],[-76.64112091147989,7.325762272204508],[-76.70680236894727,7.370667934963394],[-76.7202453621188,7.386552810665438],[-76.76209259091256,7.502329348748492],[-76.80417633036096,7.576720714392995],[-76.82091522249765,7.588069439451381],[-76.86091613757556,7.594878673703435],[-76.89723205531496,7.588920593292987],[-76.95482635504646,7.619845866323083],[-76.98376464862034,7.627222538781142],[-77.00164032007663,7.657863616241186],[-77.02100372381433,7.676700116022838],[-77.10169982902796,7.740600109758954],[-77.14900207597387,7.822199822303564],[-77.13639831559672,7.834899902054923],[-77.11560058538929,7.834199905740764],[-77.09950256375657,7.85729980403739],[-77.07119750956969,7.870399952654133],[-77.03959655743512,7.910200118574379],[-77.02980041536493,7.941899776166035],[-77.03040313783983,7.971300124505867],[-77.01940155045527,7.980000019111343],[-77.02169799747004,8.005999564408652],[-76.963623046123,8.070486069135816],[-76.97209167444119,8.11422061839848],[-76.97373199543522,8.178730011392295],[-76.9928665154083,8.219183921339114],[-77.00109863213291,8.273300170868918],[-76.99420165986898,8.27849960341716],[-76.97350311357029,8.259300232614324],[-76.98670196502987,8.235699654072528],[-76.98500061095535,8.221300125211638],[-76.9537963863307,8.189900398194405],[-76.94689941397506,8.173199653229695],[-76.96695709175262,8.163392067106514],[-76.9550018307766,8.146599768790475],[-76.95320129438309,8.132200240738747],[-76.96540069610032,8.111186981470963],[-76.94969940186192,8.100399971104455],[-76.92549896187305,8.11940002412973],[-76.91690063512965,8.138400077426924],[-76.86679840014492,8.143400192683893],[-76.86910247764627,8.134099960018483],[-76.89040374745576,8.130200385842945],[-76.90940093944998,8.102501869982882],[-76.87370300216661,8.115699767899633],[-76.85690307655055,8.101200103866827],[-76.87830352860055,8.092000007356585],[-76.86100006166168,8.078599930041822],[-76.85630035320753,8.061900139170653],[-76.86840057364557,8.059599876203475],[-76.88629913364593,8.066599845767124],[-76.8730010991955,8.053299904227051],[-76.87069702227134,8.03359985322148],[-76.91919708170205,8.049400329280394],[-76.93650054851155,8.049500464746933],[-76.94509887622873,8.038599967860076],[-76.95020294180361,7.977900027713577],[-76.93749999987294,7.933400153610016],[-76.9064025882629,7.920599938019723],[-76.87930297796815,7.917600154272262],[-76.8135986333229,7.925399780063828],[-76.76860046306517,7.939599991483486],[-76.75540161201431,7.971899986151526],[-76.74849700896812,8.061400413697449],[-76.74909973217186,8.090900420777288],[-76.76069641043583,8.0915002814552],[-76.75489807055862,8.167200088613612],[-76.78959655838538,8.294400215395825],[-76.78900146543742,8.30819988284023],[-76.77059936591165,8.333000182796907],[-76.77290344165203,8.37629985800378],[-76.79830169660531,8.43360042608799],[-76.81680297888397,8.458000182687007],[-76.82659912049952,8.48750019030726],[-76.84279632578834,8.508299827604025],[-76.92579650837574,8.55080032309929],[-76.93849944995391,8.547400473730557],[-76.93620300302872,8.538200378557121],[-76.94770050066352,8.53880023958872],[-76.95230102523485,8.549799918851667],[-76.94830322250087,8.56420040205635],[-76.88950347881882,8.632100105098827],[-76.6986999504294,8.681599616314449],[-76.66760253864459,8.724200249015505],[-76.64520263720432,8.741999625632287],[-76.61350250253687,8.752300262477354],[-76.56099700996369,8.793100357890815],[-76.49710083074797,8.823399543477313],[-76.4585037237485,8.867199898384762],[-76.46939849854088,8.883899687929963],[-76.45159912155268,8.887299537655714],[-76.39910125661343,8.833399772625329],[-76.37419891309688,8.71030044502808],[-76.34940338200069,8.652999878714812],[-76.32230377140635,8.625699997078787],[-76.30729675220047,8.619299889431787]]]}},{"type":"Feature","properties":{"DPTO":"08","NOMBRE_DPT":"ATLANTICO","AREA":3360765349.961,"PERIMETER":240936.172,"HECTARES":336076.535},"geometry":{"type":"Polygon","coordinates":[[[-74.87059783939971,10.361200332569519],[-74.89540100113972,10.312700271692613],[-74.91271972648573,10.256701469421614],[-74.95760345477576,10.274900436283982],[-74.99569702130941,10.32470035565624],[-75.03430175779863,10.354900360105775],[-75.05680084221738,10.358499526824435],[-75.10060119612035,10.392700195486215],[-75.15080261244589,10.403300285465935],[-75.16929626445068,10.434000015405],[-75.22640228265163,10.477000236406045],[-75.26149749758953,10.494500160122776],[-75.28060150146817,10.56970024110065],[-75.28060150150654,10.596199989477023],[-75.26909637458004,10.617600441064099],[-75.26339721681012,10.66660022755614],[-75.24900054926945,10.71339988708827],[-75.25710296632371,10.784399986167102],[-75.21330261226197,10.800399780448153],[-75.2120971680437,10.80790042860248],[-75.17179870588197,10.823900222830856],[-75.06980133069753,10.88469982137696],[-75.04910278314786,10.910699844246656],[-75.03579711915758,10.916399955861475],[-75.00119781482896,10.9624004365161],[-74.9787979126279,10.97389984110649],[-74.9056015016451,11.049300193716004],[-74.85890197770219,11.077899932860914],[-74.82890319813461,11.030500411881853],[-74.80930328358058,11.017700195432583],[-74.77469635025216,10.970199584970292],[-74.77239990236663,10.92280006395492],[-74.73139953613008,10.882800102389902],[-74.74349975604036,10.859100341979842],[-74.75039672852927,10.789299964922142],[-74.73999786370474,10.71529960623182],[-74.754302978716,10.621800422682142],[-74.74099731465891,10.585300445425931],[-74.74680328361187,10.548999786391931],[-74.8130035401437,10.4764003751884],[-74.82920074483266,10.44880008708121],[-74.84069824229775,10.405500412170355],[-74.87059783939971,10.361200332569519]]]}},{"type":"Feature","properties":{"DPTO":"11","NOMBRE_DPT":"SANTAFE DE BOGOTA D.C","AREA":1650947779.134,"PERIMETER":323322.54,"HECTARES":165094.778},"geometry":{"type":"Polygon","coordinates":[[[-74.02290344238281,4.795100212097175],[-74.03099822998045,4.761600017547613],[-74.02400207519531,4.709000110626222],[-74.03269958496094,4.673299789428713],[-74.02570343017577,4.653600215911868],[-74.0436019897461,4.630599975585939],[-74.03489685058594,4.631700038909913],[-74.03150177001953,4.617199897766114],[-74.01589965820312,4.627600193023681],[-74.01010131835938,4.622900009155274],[-74.02510070800781,4.592400074005126],[-74.02570343017577,4.551400184631348],[-74.0469970703125,4.532400131225584],[-74.05680084228516,4.493700027465817],[-74.07520294189453,4.486299991607663],[-74.07749938964844,4.471300125122066],[-74.11730194091795,4.431600093841547],[-74.13510131835938,4.401100158691399],[-74.1333999633789,4.378499984741202],[-74.12120056152344,4.347300052642813],[-74.13159942626953,4.308599948883046],[-74.14309692382812,4.296000003814686],[-74.15350341796875,4.262499809265125],[-74.14589691162108,4.177000045776353],[-74.18280029296874,4.132100105285628],[-74.1884994506836,4.089399814605693],[-74.20980072021484,4.046100139617899],[-74.21959686279297,3.999399900436379],[-74.23860168457031,3.985599994659402],[-74.2761001586914,3.917000055313085],[-74.32730102539062,3.868099927902194],[-74.32959747314453,3.820199966430634],[-74.41719818115234,3.726999998092618],[-74.43789672851562,3.675699949264492],[-74.44999694824217,3.664700031280483],[-74.497802734375,3.654599905014003],[-74.51689910888672,3.665600061416589],[-74.4800033569336,3.709300041198697],[-74.47080230712889,3.741699934005705],[-74.43509674072266,3.780800104141204],[-74.3843994140625,3.881700038909885],[-74.3821029663086,3.948699951171851],[-74.41449737548828,4.035399913787821],[-74.4115982055664,4.041800022125224],[-74.3833999633789,4.083199977874737],[-74.3147964477539,4.087600231170636],[-74.26809692382812,4.112199783325178],[-74.23989868164062,4.227000236511217],[-74.23770141601562,4.303299903869618],[-74.22100067138672,4.344799995422354],[-74.2394027709961,4.38189983367919],[-74.20259857177734,4.476399898529048],[-74.1957015991211,4.514500141143795],[-74.20089721679688,4.547500133514402],[-74.21589660644531,4.580999851226807],[-74.22460174560547,4.587399959564209],[-74.22979736328125,4.626100063323976],[-74.19290161132812,4.643300056457521],[-74.19409942626953,4.67859983444214],[-74.17220306396484,4.694099903106692],[-74.17449951171875,4.706200122833256],[-74.15489959716797,4.721099853515629],[-74.13300323486328,4.771299839019782],[-74.1093978881836,4.78039979934693],[-74.09609985351562,4.815000057220468],[-74.0604019165039,4.813700199127205],[-74.02290344238281,4.795100212097175]]]}},{"type":"Feature","properties":{"DPTO":"13","NOMBRE_DPT":"BOLIVAR","AREA":26141894527.75,"PERIMETER":1309427.968,"HECTARES":2614189.453},"geometry":{"type":"Polygon","coordinates":[[[-75.15950012242125,10.423600197450686],[-75.15080261278906,10.40330028519671],[-75.1006011957236,10.392700196163407],[-75.05680084314046,10.358499527290572],[-75.03430175837613,10.354900359904587],[-74.99569702202854,10.324700356272249],[-74.9576034552753,10.274900436806215],[-74.9127197259519,10.256701469875278],[-74.939697264693,10.186400413991347],[-74.95035552976184,10.143113137043347],[-74.94821167058355,10.11965084105222],[-74.92001342737171,10.105051041078168],[-74.89521789618426,10.107851029361184],[-74.8612136831327,10.099051475522092],[-74.84041595369605,10.082250594837666],[-74.81690979076473,10.040806770703684],[-74.79630279470334,10.023748397613018],[-74.79630279600514,9.998076438427516],[-74.81522369429818,9.977639197716329],[-74.85643005430967,9.957371711723628],[-74.89170074443135,9.90670013439061],[-74.8771972663931,9.859199524365458],[-74.85710143975408,9.840100287495632],[-74.85299682697371,9.81229972799095],[-74.8438034054879,9.804800033544318],[-74.82299804732484,9.761400221973213],[-74.82469940256682,9.741800308273456],[-74.84549713083548,9.705499649590205],[-74.84660339266426,9.690999984408124],[-74.77739715524933,9.600600241936451],[-74.78949737489195,9.569499970192465],[-74.80850219717034,9.552200317257],[-74.81079864477528,9.541799545830887],[-74.80670166109137,9.52740001678152],[-74.81590270953053,9.450599670396514],[-74.80899810853082,9.428600311603793],[-74.78250121995261,9.423899650323346],[-74.76570129464815,9.409999847690552],[-74.6867980962391,9.40270042487387],[-74.67980194116939,9.397500037414122],[-74.66829681363288,9.376600264923425],[-74.63999939025184,9.36209964721],[-74.62390136656407,9.31750011521098],[-74.57369995204495,9.28209972432173],[-74.54080200142197,9.245499610255893],[-74.53389740019193,9.22360038804142],[-74.51599883962731,9.222299575605344],[-74.46070098830346,9.243499755546825],[-74.43190002378925,9.21269988920847],[-74.43240356534685,9.197699547573125],[-74.42489624107648,9.191900252716122],[-74.36380004808827,9.208999633736061],[-74.32119751032667,9.187999726136248],[-74.30899810741738,9.173000336471778],[-74.31079864494123,9.163700103814],[-74.32689666720543,9.154000282069099],[-74.32289886545374,9.14700031372696],[-74.2796020512242,9.148599624039957],[-74.26349639934331,9.139800071024991],[-74.21269988976384,9.08759975366812],[-74.19599914530141,9.059800147535308],[-74.1475982675016,9.032500267386752],[-74.15039825520441,9.009400368582629],[-74.09510040336751,9.001700400357427],[-74.08300018402034,9.003299712901637],[-74.06970214821939,9.020600319432255],[-74.05300140464973,9.018799780858053],[-74.04440307612573,9.00259971624331],[-74.02420043886136,8.996199607183298],[-74.02010345363877,8.97939968065452],[-73.9746017461608,8.978599548587933],[-73.9514999394291,8.969300270422293],[-73.90889739942467,8.970299720773589],[-73.87719726627745,8.956800459916114],[-73.88639831588033,8.905500412506743],[-73.87129974392775,8.85519981331778],[-73.85749816838015,8.823900222278034],[-73.81770324779586,8.778699874778292],[-73.81539916938519,8.756699562710796],[-73.84349823055814,8.617600441431556],[-73.81240081696829,8.566699981216315],[-73.80079650940444,8.489199639039878],[-73.77480316191695,8.440600395731373],[-73.77709960850021,8.31809997643493],[-73.76899719273007,8.281100273273989],[-73.77590179358057,8.256299971645083],[-73.77300262476443,8.23209953308363],[-73.80930328384461,8.176799774215285],[-73.80059814369272,8.130499839547987],[-73.80919647232753,8.126500129563516],[-73.80760192948934,8.118314743985728],[-73.8189773552149,8.120553970556385],[-73.83519744935073,8.098299979737416],[-73.88410186774523,8.06270027191985],[-73.89160156225817,8.028100014659843],[-73.89040374707601,7.976099968660607],[-73.87599945021071,7.95060014806629],[-73.84829711834702,7.864399909755979],[-73.8464965829002,7.819399832873901],[-73.83380127023126,7.772500038309334],[-73.82460021972663,7.760399817575032],[-73.82859802153686,7.725699902030255],[-73.83670043972054,7.716499806183293],[-73.84410095181094,7.618400097272161],[-73.89540100114021,7.507100105075895],[-73.93399810792819,7.470900059690408],[-73.9270019523318,7.38070011222265],[-73.94190216083429,7.313199997661366],[-73.95349883942725,7.297699928570219],[-73.95860290558862,7.275100231370542],[-73.95400238069364,7.263599872103584],[-74.24839782688558,6.985199928669323],[-74.29969787655973,6.986599922709995],[-74.31639862148305,6.979199886321637],[-74.37180328415761,7.000800133350067],[-74.37239837698104,7.042399883319332],[-74.40010070751275,7.093299865443588],[-74.42720031661581,7.170199870735856],[-74.41860198885122,7.237800121822539],[-74.42620086581324,7.310599804739691],[-74.42099761940294,7.321000099226662],[-74.3720016484203,7.359499930938744],[-74.3628005978152,7.383699893735147],[-74.37550353926248,7.407400130685165],[-74.38939666788737,7.471000194776285],[-74.42220306447932,7.4341998104989],[-74.43830108556297,7.377099990491477],[-74.46649932945544,7.35179996522308],[-74.47109985264319,7.330999851242517],[-74.50689697182946,7.317299843483538],[-74.51609802236248,7.319099903019938],[-74.5414962764368,7.357299803917589],[-74.56970214908432,7.372399806464612],[-74.61409759592648,7.428699970039061],[-74.6158981327549,7.454100131547084],[-74.57959747394425,7.540599823817333],[-74.57099914523013,7.603499889372449],[-74.56349945062807,7.615600108151828],[-74.51509857109603,7.648900032379406],[-74.47709655833822,7.697199822232541],[-74.48059844914097,7.709400177773514],[-74.51519775312883,7.741899967860072],[-74.53420257614135,7.796800136480798],[-74.53890228225114,7.904900074256219],[-74.6028976439341,7.976200104673723],[-74.77880096521241,8.139200211102843],[-74.79499816987746,8.161299704880099],[-74.83393859949788,8.185330390449149],[-74.83650207473723,8.194899558881687],[-74.81690215991092,8.197199821890356],[-74.78810119679927,8.214400291905692],[-74.78469848636932,8.239199638289685],[-74.73339843752575,8.276499748508963],[-74.71260070813625,8.287400245449383],[-74.67569732588159,8.280300139575157],[-74.65149688654401,8.308500289504432],[-74.63079833997875,8.314800261734625],[-74.62100219778732,8.370800017471714],[-74.60369873008666,8.362000465151144],[-74.58760070771285,8.36200046569988],[-74.57779693552187,8.370599747221336],[-74.57669830354855,8.390199661877462],[-74.55879974307366,8.417300225148189],[-74.56690215969209,8.484299660411626],[-74.59580230780887,8.526599883864078],[-74.59059906099051,8.551500320822335],[-74.60500335645622,8.574000358213713],[-74.6067962646034,8.611599921231143],[-74.62580108625083,8.701800346004397],[-74.62409973149954,8.72430038423781],[-74.59700012264561,8.736300467833654],[-74.58029937659745,8.754699706295401],[-74.57510375961616,8.770899772552756],[-74.59130096411755,8.840299606178025],[-74.67379760700305,8.965999602322256],[-74.69629669217493,8.987400054059039],[-74.74009704620867,9.012399672984209],[-74.79949951150493,9.028900145607933],[-74.81629943934828,9.052000045983943],[-74.84339904839999,9.071800232119044],[-74.85030364986842,9.101900101561794],[-74.86930084235802,9.12040042941998],[-74.90219879235082,9.173700332125385],[-74.91721343924047,9.212078094528309],[-74.92530059817443,9.244799614842433],[-74.9334030146617,9.347700119920205],[-74.93000030515779,9.409500122347163],[-74.96579742504882,9.44369983591433],[-75.00209808308944,9.5131998069843],[-75.04309844948331,9.548000336201884],[-75.12149810812872,9.573800087218991],[-75.16130065907345,9.610300064317226],[-75.1970977774469,9.657299995616384],[-75.22699737587139,9.668899536989372],[-75.25180053633898,9.675999640832416],[-75.32910156307375,9.676300049469557],[-75.36419677714642,9.664299964837198],[-75.36080169734514,9.628499984744254],[-75.36940002370055,9.619899750654302],[-75.37750244140022,9.618700028238877],[-75.38670349057212,9.630299567714474],[-75.39189910906038,9.666199683701091],[-75.38790130634558,9.68809986121898],[-75.35620117097916,9.7255001071767],[-75.34120178140182,9.76930046052118],[-75.3377990715074,9.8536996837708],[-75.34480285549174,9.864100456713599],[-75.39720153795821,9.872400282990121],[-75.43820190456555,9.887000083824386],[-75.4791030874539,9.878499983921477],[-75.48310089168716,9.895899772622958],[-75.47049713055715,9.934499739844926],[-75.47859954755215,9.994600296946807],[-75.48490142785514,10.013699530912822],[-75.52590179388582,10.041000366194469],[-75.506896973254,10.11660003567482],[-75.52590179475257,10.11730003395549],[-75.55300140372894,10.086799621608245],[-75.57550048893972,10.084500312799163],[-75.59159851048466,10.096699714016607],[-75.59680175742704,10.1198997504154],[-75.5714035041567,10.112799644154165],[-75.56050109932576,10.142800331460279],[-75.52590179412071,10.147899628182273],[-75.51789855921034,10.154800415005589],[-75.54609680205611,10.193599701020096],[-75.531196594816,10.234499932189314],[-75.57779693599794,10.21389961238922],[-75.62619781587767,10.166799544898593],[-75.7005996699248,10.12380027749304],[-75.70169830287304,10.136500358294642],[-75.668899536664,10.160599708929853],[-75.63490295371156,10.196900367959529],[-75.6061019902093,10.26949977820638],[-75.60440063501484,10.289099692515922],[-75.57610321122876,10.262999535061674],[-75.54389953624953,10.268099784967777],[-75.52490234428322,10.292900085859868],[-75.53179931654844,10.36159992300022],[-75.55139923118861,10.394100189604693],[-75.57099914504326,10.395899772166134],[-75.56120300219402,10.417799949864442],[-75.52719879095669,10.444800377477746],[-75.51570129354486,10.477100371454581],[-75.50129699717255,10.42039966632253],[-75.48799896229379,10.42790031433518],[-75.48519897554985,10.437100410812333],[-75.48979949914474,10.483300208855878],[-75.50370025543201,10.527299880387606],[-75.52269744789406,10.561400413595853],[-75.46620178190311,10.584300041255336],[-75.4656982417004,10.61380004882547],[-75.43859863224985,10.629799842919564],[-75.40689849847136,10.665499687077237],[-75.3734970097712,10.683300018473592],[-75.33080291676517,10.691800118221082],[-75.29340362540404,10.718199729532708],[-75.27950286792495,10.745300292526755],[-75.28420257489384,10.770099640810859],[-75.26979827925358,10.783900259973452],[-75.2571029662934,10.784399986267163],[-75.24900054998818,10.713399886497797],[-75.26339721653967,10.666600226477877],[-75.26909637417272,10.617600440932735],[-75.28060150060065,10.596199988576364],[-75.28060150101672,10.569700240670203],[-75.26499938926501,10.499699593101306],[-75.25170135473672,10.486399649638917],[-75.21939849800339,10.472399710757513],[-75.15950012242125,10.423600197450686]]]}},{"type":"Feature","properties":{"DPTO":"15","NOMBRE_DPT":"BOYACA","AREA":23352582463.939,"PERIMETER":1364539.911,"HECTARES":2335258.246},"geometry":{"type":"Polygon","coordinates":[[[-72.21299743717749,7.027500152342927],[-72.18589782771338,7.015299797595068],[-72.13059997550367,7.024899959619357],[-72.10810089099338,7.022500037697293],[-72.06600189250324,6.995200156779808],[-72.03369903565611,6.982900142745363],[-71.98870086669899,6.979800223712342],[-72.00370025574541,6.898399829745323],[-72.01519775334619,6.888700008670098],[-72.03420257610881,6.844299793016114],[-72.06580352785998,6.743299961628748],[-72.1009979245539,6.672399997825456],[-72.12799835182373,6.632699966237329],[-72.14589691185873,6.575600147831435],[-72.15619659427227,6.49700021693235],[-72.16539764443544,6.473400116631263],[-72.23110198955126,6.413000107459692],[-72.27950286925255,6.410900116364793],[-72.30950164850074,6.421400070460183],[-72.31700134262672,6.415699958624006],[-72.31664276111668,6.353105545560314],[-72.37229919380322,6.318299770083289],[-72.39360046366919,6.295300006486105],[-72.42238616931206,6.243749141632782],[-72.42060089140314,6.203000068187595],[-72.43389892632321,6.169499873637528],[-72.40270233128558,6.093699931976708],[-72.3835983271044,6.070000171988505],[-72.3589019768808,6.063499928131299],[-72.36000061085792,6.054299831926182],[-72.38480377261226,6.003600120530669],[-72.40950012164065,5.89160013167294],[-72.42449951209768,5.871399879850264],[-72.4464035035903,5.867499827722382],[-72.47519683841827,5.828899860657786],[-72.45500183044723,5.816100120455343],[-72.43129730289763,5.813700199575553],[-72.33679962094085,5.763599872702011],[-72.32180023131168,5.748600005713062],[-72.29989623982758,5.706900120191619],[-72.25278472937441,5.660136699104325],[-72.3056030271398,5.623700142042593],[-72.3096008304307,5.569399833714757],[-72.32399749748961,5.532000065437191],[-72.32109832715504,5.48689985254474],[-72.32679748475594,5.471300125318411],[-72.35449981742195,5.465099811792506],[-72.39080047591237,5.498700141971305],[-72.40699768099456,5.538700103370654],[-72.42079925574866,5.542799949329043],[-72.4403991699834,5.53070020611623],[-72.45709991458165,5.494400024320625],[-72.50150299028331,5.464000224920604],[-72.53829956076933,5.412700176015043],[-72.56600189214862,5.389100074818808],[-72.59249877979023,5.378300190234343],[-72.6034011838793,5.354599952160903],[-72.5988006587185,5.351200103842255],[-72.60800170905715,5.339600086669253],[-72.66799926819591,5.317900181424818],[-72.67549896193876,5.29029989205424],[-72.68640136711781,5.280499934718155],[-72.69619751021037,5.252799988383577],[-72.70939636212016,5.236100196542615],[-72.7394027715843,5.276100158491247],[-72.74870300284928,5.272099971907116],[-72.7798004150079,5.315499783216789],[-72.80870056216207,5.339900016447867],[-72.82360076896495,5.342899798675801],[-72.86049652154966,5.321599960262605],[-72.88240051265859,5.289400100476902],[-72.9717025754328,5.210100174449991],[-72.95899963435001,5.195600033360343],[-72.95839691138059,5.181099891499406],[-72.9860992434565,5.114200115510444],[-72.9336013791195,5.062600135697294],[-72.93009948764893,5.021599769925118],[-72.98829650850247,4.973899841595894],[-73.04709625242538,4.952199936118583],[-73.06089782702682,4.920499801786261],[-73.05970001271376,4.885200023059372],[-73.07070159977984,4.837299824213244],[-73.09889984070485,4.778500079579663],[-73.0867996213005,4.766900062259661],[-73.07810211211358,4.714300155049144],[-73.08609771760513,4.717800140771483],[-73.09880065943554,4.712100028334845],[-73.12879943850322,4.649300098131899],[-73.16100311304488,4.650000095883054],[-73.19329833935598,4.642600059241616],[-73.25620269806221,4.665400028352226],[-73.26309967095898,4.707600116180882],[-73.33460235657823,4.710800170979151],[-73.35479736383853,4.754199981898072],[-73.40209960932319,4.778600215653774],[-73.39980316139804,4.819600105080724],[-73.41480255119244,4.832399845723246],[-73.41310119619045,4.845699787428137],[-73.42459869425593,4.856699943920125],[-73.44819641134268,4.871200084779424],[-73.54799652144605,4.871699809582057],[-73.56639862059558,4.886199951327532],[-73.57160186824682,4.909900188208524],[-73.54109954817379,4.964600085786027],[-73.5192031854097,5.021699905302386],[-73.51010131814782,5.092700004362824],[-73.52619934132558,5.138400077626879],[-73.54869842575678,5.171500205767446],[-73.5522003168446,5.192800045408898],[-73.55909728951784,5.199800014475092],[-73.56379699771185,5.251200199707549],[-73.57129669248692,5.265100002778042],[-73.59660339289073,5.268700122683901],[-73.64160156309399,5.343400001747629],[-73.64340209921046,5.381000042427544],[-73.63590240418077,5.3814997669171],[-73.67569732613393,5.413400172796979],[-73.69239807141862,5.441800117606086],[-73.77369689958164,5.464099883678368],[-73.8264389039618,5.487901688184762],[-73.81009674049973,5.546299934595438],[-73.81639862107242,5.5791997903868],[-73.84470367479925,5.564300060211338],[-73.89019775334685,5.520599841437114],[-73.91549682575699,5.511499881277548],[-73.92530059856395,5.500500202490217],[-73.94090270979791,5.454400061938204],[-73.95590209993658,5.445799827457617],[-73.97370147718185,5.406599998907453],[-74.01290130548684,5.390600203821012],[-74.04035186821356,5.354670525055051],[-74.04519653377889,5.358399867955214],[-74.05500030539505,5.353199958900071],[-74.06420135434274,5.356699943977328],[-74.08209991390652,5.380499840131415],[-74.10399627651087,5.386300087334987],[-74.13860321100569,5.443699836540378],[-74.16909789980548,5.439199924287473],[-74.20890045230313,5.460700035105728],[-74.24349975572744,5.461400032050428],[-74.26249694835644,5.470200061157861],[-74.29199981637096,5.498000145374682],[-74.2954025262188,5.52580022846658],[-74.34619903572407,5.612100124685504],[-74.34510040315845,5.620699882918887],[-74.32029724083971,5.642600060110932],[-74.30529785145622,5.67080020950313],[-74.30590057392192,5.681200027950958],[-74.32430267355777,5.69460010568288],[-74.31980133086203,5.727499961183101],[-74.33650207542846,5.768000126211872],[-74.33540344198201,5.784699916382227],[-74.35440063536105,5.820600032271803],[-74.36879730282237,5.816100121081645],[-74.41600036648474,5.766600131388842],[-74.46849823025924,5.745399952105452],[-74.496200562025,5.763999939286215],[-74.54109954871552,5.761899948563149],[-74.54229736341523,5.771699905816839],[-74.55609893828685,5.772399902310141],[-74.59470367386994,5.742499828258288],[-74.63099670364626,5.736899853287325],[-74.67430114746033,5.75839996277683],[-74.67320251479882,5.797100066970648],[-74.66049957209498,5.856599807984129],[-74.65129852259257,5.869200229639842],[-74.60919952418811,5.888700007977442],[-74.62539672886108,5.929800033596956],[-74.62599945082857,5.956900119594016],[-74.59079742440383,5.972899913299734],[-74.58740234374453,5.97989988272155],[-74.58910369892108,5.992599964134352],[-74.60579681333421,6.014599799450017],[-74.58740234396039,6.048600196733607],[-74.58969879138908,6.058400153479028],[-74.60700225856357,6.061999798442598],[-74.62429809508758,6.079400062799448],[-74.62950134272324,6.110000133122431],[-74.60820007386324,6.15789985645076],[-74.60189819323362,6.197700023646139],[-74.56680297854211,6.251299857448095],[-74.55580139188707,6.254700184514387],[-74.53790283246911,6.220499991761453],[-74.50559997597819,6.192100048441489],[-74.50450134337498,6.160900115436083],[-74.48139953613622,6.113399981792738],[-74.47910308866078,6.076399803057652],[-74.4641036990258,6.056700229154461],[-74.43000030570877,6.045599937912932],[-74.41449737522296,6.025899887033915],[-74.38909912051975,6.022399902917027],[-74.35160064713872,6.029699802941395],[-74.32109832712038,6.05789995143615],[-74.30500030533314,6.060699940335282],[-74.29229736297702,6.049699783547852],[-74.28700256368916,5.990699768154327],[-74.29109954767645,5.941699981495106],[-74.28759765560227,5.933499813292602],[-74.2611007693195,5.920700073830276],[-74.26049804660246,5.859499931966116],[-74.25060272272775,5.835800170564836],[-74.22409820526418,5.84840011661623],[-74.20279693591229,5.881199836532892],[-74.17569732619528,5.860300063564716],[-74.13539886452128,5.851500034645437],[-74.1185989378478,5.839799880774168],[-74.11109924308626,5.832300186770266],[-74.1071014397955,5.799399852088064],[-74.04019927991041,5.789800166798523],[-74.02749633814307,5.778200150061863],[-74.02749633853203,5.763199806412543],[-74.01020050110455,5.749300003632353],[-74.00559997507567,5.724999904917196],[-73.91390228236457,5.72060012827586],[-73.90820312516517,5.706699847847761],[-73.89430236873548,5.70889997492292],[-73.88220214881774,5.729700087942911],[-73.85340118471791,5.737100125023451],[-73.82230377250868,5.735799789347287],[-73.76699829099041,5.76149988212697],[-73.71559905940754,5.75150012922763],[-73.69599914575525,5.719099998238827],[-73.67639923087718,5.705699920136479],[-73.65910339346428,5.712600230740103],[-73.63719940161107,5.743700026891378],[-73.63960266107121,5.802000045702151],[-73.63150024417423,5.834899902119917],[-73.62519836411222,5.840099811036741],[-73.62519836366114,5.859700202961565],[-73.63790130664952,5.894999980502702],[-73.6304016117894,5.912300109307794],[-73.63040161130331,5.946400165970569],[-73.60390472393071,5.989698886293248],[-73.57920074412726,6.009099959842706],[-73.53309631389958,6.094399929493503],[-73.51349639851084,6.089700222670551],[-73.50140380885303,6.07289981809144],[-73.4408035279918,6.045499801217929],[-73.40280151313019,5.968500137663622],[-73.45110321040175,5.875699997086278],[-73.46752166725456,5.866692065687527],[-73.48169708265951,5.842400073841636],[-73.49780273425532,5.845300197345327],[-73.47640228254123,5.797299862512491],[-73.4615020748258,5.789100169796255],[-73.44699859628683,5.751500129135889],[-73.42970275855478,5.740499973725293],[-73.39689636253351,5.784800052655538],[-73.3877029421442,5.824100017011635],[-73.3749999994021,5.834400176601432],[-73.3335037231095,5.838300227479759],[-73.30239868101472,5.850900173848869],[-73.28739929237061,5.886000155932221],[-73.26609802226025,5.901500225447492],[-73.23670196593355,5.977099895799808],[-73.20680236761142,5.965400219174708],[-73.18949890098774,5.969399929588133],[-73.15599822949007,5.95650005403235],[-73.12550354054842,5.958099842566327],[-73.0892028803511,5.951099873147213],[-73.05169677757186,5.952600001896458],[-73.01309967032165,5.974999905176764],[-72.97969818159997,6.032599925367926],[-72.93820190385381,6.067699909301439],[-72.91979980435053,6.098800181826085],[-72.88230133104716,6.13850021330054],[-72.85520172138014,6.156300068496312],[-72.8332977288232,6.184500217354286],[-72.81150054867322,6.198800086313384],[-72.78900146456688,6.2311000825181],[-72.78379821732821,6.265200138533717],[-72.78730010924137,6.292300224274396],[-72.7637023930972,6.363800048673986],[-72.75679779091587,6.423299789744917],[-72.77819824275566,6.456900120208559],[-72.82779693550738,6.510799884664342],[-72.8386993411457,6.536900043125263],[-72.83300018354214,6.544899940741124],[-72.81680297837724,6.547800063543471],[-72.80190277154456,6.56680011746034],[-72.74880218566305,6.5220999711296],[-72.72689819328004,6.465400218332031],[-72.68530273433726,6.41260004079686],[-72.64330291702187,6.419400215249158],[-72.59429931581761,6.463600158813111],[-72.56783294742738,6.470466136702719],[-72.5636978148681,6.481999874705533],[-72.57009887728074,6.550799846392738],[-72.55460357693674,6.586500167891298],[-72.52749633732292,6.611199855540224],[-72.5234985350316,6.642399788310332],[-72.52809906015418,6.671299934288706],[-72.5160980225253,6.781000137197363],[-72.52649688716963,6.854400158077124],[-72.53459930467949,6.871799945246446],[-72.53109741182011,6.894299983557311],[-72.48670196540557,6.88079977020088],[-72.46019744837677,6.862800121112321],[-72.42330169633387,6.857399941002542],[-72.37090301537852,6.887300014109792],[-72.34439849807778,6.922999858934414],[-72.31379699702508,6.988699913466618],[-72.29019927951967,6.992599963627358],[-72.28440093988509,6.983900070025219],[-72.28620147696533,6.964300156132163],[-72.26999664289715,6.966000080250727],[-72.24700164794723,6.979700088966312],[-72.21929931601613,7.025800227537339],[-72.21299743717749,7.027500152342927]]]}},{"type":"Feature","properties":{"DPTO":"17","NOMBRE_DPT":"CALDAS","AREA":7558199875.556,"PERIMETER":603282.457,"HECTARES":755819.988},"geometry":{"type":"Polygon","coordinates":[[[-74.69499969487994,5.752699852090696],[-74.68470001209499,5.750999927796412],[-74.67659759509326,5.758399963075026],[-74.67310333266367,5.739900112343364],[-74.68520355223859,5.717500209549079],[-74.67890167247134,5.710499763284458],[-74.6793975827755,5.695499897130648],[-74.64890289306632,5.668200015942278],[-74.65979766844484,5.654399872045095],[-74.66329956082242,5.609300136289661],[-74.68509674104631,5.55690002425852],[-74.67130279563132,5.53490018819536],[-74.69259643569877,5.480700015788133],[-74.68329620332199,5.424600124483867],[-74.70120239234342,5.425799846547196],[-74.6970977786422,5.396299838820846],[-74.70290374777501,5.386000156306399],[-74.71620178201944,5.385399818563338],[-74.71499633791868,5.365799903842221],[-74.73000335706017,5.350299835217422],[-74.72940063461084,5.335800170803347],[-74.74720001205218,5.287399768759479],[-74.765701293928,5.272999763795144],[-74.8441009524427,5.282000064746886],[-74.85040283222577,5.290100097526838],[-74.8912963869827,5.291500091553963],[-74.90979766851456,5.281700134420517],[-75.01119995134489,5.280399799432346],[-75.0631027219839,5.270800113875931],[-75.07640075704052,5.258100032482366],[-75.09190368660265,5.255899906441351],[-75.1057968137249,5.240399837416617],[-75.1507034302599,5.153299808456885],[-75.16220092746775,5.145299911805767],[-75.17659759540209,5.14589977266861],[-75.18699645983087,5.154600143237046],[-75.2077026364703,5.15360021576504],[-75.22910308831382,5.136899948407596],[-75.2537994384332,5.127799987778819],[-75.32530212430241,5.126900196339148],[-75.36100006106625,5.083700179904235],[-75.362197875651,5.050799846642835],[-75.34480285655928,4.993599891828019],[-75.36380004883463,4.928400039971776],[-75.35340118428341,4.88500022920494],[-75.3545989990877,4.851500034087768],[-75.36779785183819,4.83890008899087],[-75.39489746113367,4.83150005312348],[-75.41329956077625,4.805500030686878],[-75.42140197781279,4.80270004298493],[-75.43060302747573,4.827000140864316],[-75.47499847418936,4.862400055165165],[-75.51889801012359,4.910500049557099],[-75.54830169693271,4.921100139790759],[-75.63880157451182,4.926599979255109],[-75.65090179435384,4.934199809899035],[-75.66190338106013,4.954999923704808],[-75.67859649641596,4.959099769895303],[-75.68840026833047,4.957499981178006],[-75.68840026838636,4.928599834597089],[-75.69699859614437,4.922299861879498],[-75.72299957265129,4.921800136508023],[-75.74780273455761,4.934599876268329],[-75.75759887714221,4.953100204204149],[-75.76159667947503,4.99420022938869],[-75.78410339342955,5.032400131372714],[-75.8313980103453,4.989799976353294],[-75.8324966432528,4.97079992326341],[-75.84169769300914,4.952899932547433],[-75.81870269761333,4.937200069697261],[-75.81169891355225,4.917500018901997],[-75.87740325905864,4.914899825966363],[-75.90679931673183,4.920800208728499],[-75.9005508421611,4.944450378490626],[-75.92130279544702,4.954999923475124],[-75.94210052498147,5.020899772899524],[-75.95389556870653,5.033854007867407],[-75.95310211160812,5.112800121533142],[-75.93979644799167,5.122600078518245],[-75.91850280761454,5.124800205276232],[-75.90290069550333,5.107999801315795],[-75.88559722916335,5.112500190602614],[-75.876998901675,5.151199817650658],[-75.84880065929815,5.196100235303079],[-75.86730194061056,5.273600101651847],[-75.80269622796317,5.275599956225824],[-75.75659942648295,5.249400139002514],[-75.73470306378971,5.252200126664032],[-75.70760345465197,5.275199890420461],[-75.69950103732643,5.304100036322413],[-75.67819976774652,5.325900077913799],[-75.71450042727243,5.331900119925405],[-75.7335968020347,5.381000042098639],[-75.81079864486273,5.37849998502561],[-75.84020233179798,5.363599777269704],[-75.89499664303654,5.352799892486147],[-75.90360260032878,5.370200156887204],[-75.88870239267031,5.429599761849728],[-75.88529968279127,5.483300209116937],[-75.84089660649038,5.514299869524935],[-75.81030273417804,5.514200210353843],[-75.77230072015212,5.525000095609903],[-75.74410247782981,5.527200222274515],[-75.72850036594009,5.506400108188664],[-75.71230316187389,5.504000186855166],[-75.65930175760776,5.519400120034879],[-75.6143035886685,5.515100002192726],[-75.61730194061315,5.574100017258895],[-75.6265029905352,5.5977997778411],[-75.61959838871465,5.636499881457587],[-75.62709808368926,5.66590023051748],[-75.6173019410326,5.679800033759299],[-75.62513732890284,5.725503444965877],[-75.5665969849498,5.713600158777454],[-75.55909729016366,5.691699981934157],[-75.53720092753363,5.67309999482416],[-75.51409912115128,5.668399810599269],[-75.5077972409901,5.660200119331481],[-75.48470306365094,5.665900230637396],[-75.45359802225677,5.687200069481493],[-75.44149780253387,5.687099933499066],[-75.42590332062123,5.683599948746585],[-75.39649963389695,5.659200191815266],[-75.39309692413904,5.651100158437929],[-75.40920257582086,5.605500221114666],[-75.3740005490847,5.594999790391673],[-75.3665008546331,5.533199786924197],[-75.35379791254425,5.516900062648424],[-75.34739685040444,5.474699974080933],[-75.33650207540272,5.456799983779899],[-75.28800201425696,5.458300113720672],[-75.25460052489368,5.473199844301911],[-75.23500061063177,5.512400150427528],[-75.17970275902137,5.522600173702815],[-75.16699981713096,5.531199931897094],[-75.15319824231285,5.563499927525724],[-75.12439727768071,5.580699920574109],[-75.12670135517622,5.61240005512932],[-75.11579895040876,5.648200034887084],[-75.03510284391179,5.674399852767225],[-75.02010345434924,5.691100120831604],[-75.0167007447913,5.705599784911016],[-74.87719726592617,5.733900070414997],[-74.86389923079501,5.720499992063236],[-74.85350036623642,5.696199894084768],[-74.80680084246974,5.679299831521944],[-74.77799987816903,5.680300235436301],[-74.75779724148005,5.690000057457097],[-74.75499725365695,5.704999923457563],[-74.722702026479,5.759799957062284],[-74.6985015867057,5.762000084022073],[-74.69499969487994,5.752699852090696]]]}},{"type":"Feature","properties":{"DPTO":"18","NOMBRE_DPT":"CAQUETA","AREA":90180868828.821,"PERIMETER":1888506.901,"HECTARES":9018086.883},"geometry":{"type":"Polygon","coordinates":[[[-74.69259643650261,2.497800111869246],[-74.67639923148546,2.440599918315436],[-74.67749786404515,2.377599954531133],[-74.66190338126376,2.249900101793012],[-74.63130188059112,2.170000075665099],[-74.63120269702108,2.037800072813625],[-74.58509826736666,1.930699944165317],[-74.54060363712169,1.866999984917149],[-74.48760223280442,1.815400004918674],[-74.43630218443231,1.799499988842225],[-74.27480316070303,1.784999966127095],[-74.22350311210124,1.764000057778883],[-74.18830108739708,1.728600024287298],[-74.14050293021653,1.658499956384785],[-74.09320068256504,1.647300005355272],[-74.06259918159633,1.624099970936489],[-74.04699706938177,1.601500034379897],[-73.9852981558353,1.575799942938439],[-73.89659881656328,1.573199986371368],[-73.78990173256828,1.606199980870139],[-73.73860168413005,1.612900017639976],[-73.66020202575235,1.61090004387708],[-73.65039825347499,1.512099981947519],[-73.65380096513015,1.490100025019314],[-73.63539886579,1.478500008715908],[-73.61750030445134,1.476099968154922],[-73.58689880392822,1.440700053934313],[-73.55580139279114,1.379400015222155],[-73.54370117261209,1.383399962911658],[-73.53559875376392,1.367799996137078],[-73.50099945034131,1.337000013091213],[-73.47389984127075,1.286599994875135],[-73.45539856049369,1.278499962070478],[-73.43979644757921,1.215999959893043],[-73.43689727719502,1.164600013963082],[-73.41899871933771,1.15470004110781],[-73.39420318506272,1.116500020480394],[-73.3365020753659,1.061900020664825],[-73.26329803482759,1.008499979515628],[-73.25119781589353,0.987100005236662],[-73.21199798610827,0.981700001943029],[-73.20269775270586,0.970700025461411],[-73.20159912129593,0.955699980354246],[-73.17040252701787,0.933000028597714],[-73.15080261311648,0.906899989811685],[-73.09660339289874,0.88819998601157],[-73.01879882841108,0.910399973502464],[-73.01080322365753,0.916700004952238],[-73.01599883950257,0.925400019168922],[-73.01370239148208,0.940400003947965],[-72.99870300342023,0.936900019438231],[-72.98190307685557,0.941999972430409],[-72.9710006720698,0.962199985543937],[-72.95490264970381,0.966799974522288],[-72.94680023142008,0.996800005028835],[-72.89089965888519,1.008100031591272],[-72.89900207548162,1.028300047552684],[-72.89209747396302,1.024299979066264],[-72.88230133094656,1.028800011586108],[-72.88569641085927,1.044999957433753],[-72.9012985232214,1.053200005775023],[-72.90299987759172,1.067000031712918],[-72.91049957382002,1.074000002076881],[-72.87419891366889,1.085999966494847],[-72.89790344300025,1.11029994593193],[-72.89849853563351,1.120200038999855],[-72.87539672810209,1.131000041848325],[-72.88289642334293,1.147300005399061],[-72.84429931579513,1.149999976812746],[-72.84369659471403,1.164399981951567],[-72.79239654554536,1.159000038737428],[-72.78659820541175,1.140499949035966],[-72.7658996590937,1.127099989939364],[-72.74279785195868,1.136299967251282],[-72.74919891380488,1.145499945514256],[-72.74690246465177,1.161100028865273],[-72.73880004843693,1.16400003379806],[-72.71749877942852,1.160400032814005],[-72.69850158788304,1.14470005047171],[-72.67769622896785,1.139999985930912],[-72.6760025021116,1.157400011118307],[-72.66960144077268,1.15680003198177],[-72.6119995110963,1.095299960370015],[-72.53119659338338,1.053400039910916],[-72.48449707143571,1.056100011037625],[-72.43720245267806,1.009099960813993],[-72.43029785142181,0.987100005319525],[-72.41699981707318,0.972000002271725],[-72.42389678900194,0.950100003842523],[-72.39739990248165,0.915899992083413],[-72.40599823062041,0.889900028857146],[-72.36219787582388,0.901899993853756],[-72.36509704549547,0.875899971525164],[-72.354103089523,0.852800012591856],[-72.358703613707,0.838900029468033],[-72.34780120895148,0.812300025900417],[-72.33679962260831,0.816900014003632],[-72.33860015875167,0.84689998722111],[-72.31259918278379,0.849699974582193],[-72.30570220835327,0.841600000712415],[-72.3154983511035,0.820800005564648],[-72.30740356473973,0.791899978622664],[-72.32299804743933,0.780399976974749],[-72.32119751012361,0.774100005270218],[-72.28140258909407,0.740999997033165],[-72.27680206256403,0.7473000291882],[-72.2802963265761,0.763499974022672],[-72.27339935399709,0.763999999467881],[-72.24510192916337,0.736800014041781],[-72.23930358995257,0.676100015774429],[-72.21920013314995,0.678300022880366],[-72.21219635050754,0.692700027217703],[-72.19550323376764,0.690900027067736],[-72.18920135465275,0.68220001466951],[-72.1771011348925,0.683399976331843],[-72.17299652178781,0.693199992024376],[-72.18340301436857,0.703000008997347],[-72.16320037721208,0.693099976300342],[-72.13899993991083,0.704599975788523],[-72.1222991945834,0.669300018641772],[-72.09459686238101,0.664499997048028],[-72.0854034430985,0.648299992851608],[-72.08419799809,0.638499974441793],[-72.09690093939808,0.626399994483812],[-72.04219818023896,0.638899981941647],[-72.0150985728717,0.628400028862877],[-72.0115966788729,0.60240000560618],[-71.99770355289664,0.600600005339957],[-72.01679992769513,0.567200005678791],[-72.00229644737387,0.528999984774063],[-71.99250030449294,0.528400005015754],[-71.96890258689432,0.508599995566783],[-71.96019744948507,0.51090002049237],[-71.9729003901623,0.539799988453672],[-71.95970153769655,0.546700001480848],[-71.95850372321057,0.531700014305501],[-71.94580078050703,0.519500018113892],[-71.9458007800446,0.493499993860341],[-71.92970275835587,0.480699986355359],[-71.94460296739015,0.465799986405649],[-71.94580078063693,0.455399990222734],[-71.92559814412442,0.441399991864735],[-71.92389678845082,0.431600003654146],[-71.93139648387394,0.42469999287265],[-71.89910125784121,0.404399991412039],[-71.86789703296012,0.404799997554733],[-71.83910369900454,0.371199996250616],[-71.85870361332343,0.36430001209304],[-71.8495025628212,0.344099999441398],[-71.85919952303156,0.315200002197255],[-71.81770324817944,0.315100014380177],[-71.81539916968116,0.324299992098215],[-71.825798034348,0.336499989038206],[-71.80850219770116,0.328900008970677],[-71.78549957253423,0.331099986996597],[-71.80329895090298,0.309799998561705],[-71.7889022819278,0.294099987132195],[-71.76989746139333,0.293500007034983],[-71.7680969245261,0.264600009401751],[-71.76010131757259,0.261700004011936],[-71.72260284464879,0.288100003153926],[-71.72260284308813,0.262100010915055],[-71.73529815741104,0.254599989425381],[-71.7341003411802,0.247700005220438],[-71.67759704606384,0.183300002793543],[-71.6557006847062,0.179800003450302],[-71.64820098783814,0.19300000315906],[-71.63030243019323,0.195899992989731],[-71.65100097682337,0.156100004886257],[-71.61530303880707,0.160600005462383],[-71.58070373645958,0.18009999420662],[-71.58020019493307,0.171399996664605],[-71.60260009734957,0.14380000443207],[-71.55940246596215,0.145899997308516],[-71.54789733823145,0.140100002891301],[-71.55590057448437,0.096199995689213],[-71.54440307537668,0.092699996335651],[-71.51730346634129,0.105300000706332],[-71.51329803418382,0.119699998814055],[-71.51149749712185,0.115599996396391],[-71.4953994762651,0.12890000555771],[-71.48789977962336,0.148499995033786],[-71.48269653400865,0.147300004433031],[-71.47689819335399,0.134599997806721],[-71.4879989614413,0.11252821862754],[-71.49710083049919,0.108099996516778],[-71.56340026856844,0.024599998266243],[-71.61180114818896,-0.012699999091609],[-71.62789916941479,-0.051399997941401],[-71.69069671715941,-0.092100002066875],[-71.76210021855927,-0.159999996646448],[-71.80130004925559,-0.26260000527856],[-71.81390380920708,-0.276399999802829],[-71.83290100024868,-0.293100000011475],[-71.88999938867765,-0.306199998261426],[-72.00820159817017,-0.280299992411388],[-72.04679870543212,-0.284700006061732],[-72.06990051334996,-0.308299988439434],[-72.07620239301114,-0.325599999120073],[-72.07620239171821,-0.359699994154892],[-72.12460327174327,-0.389499992366334],[-72.1378021245717,-0.391799985955037],[-72.1920013430684,-0.440100014373541],[-72.24960327238924,-0.592299998615534],[-72.28929901168021,-0.653999983553164],[-72.33599853480257,-0.672200022921393],[-72.36650085332734,-0.666299998894836],[-72.39939880369796,-0.647700011740996],[-72.4310989388742,-0.614099980364254],[-72.43289947628156,-0.586300016535927],[-72.44380187991449,-0.586300014792857],[-72.48069763125638,-0.611599982117742],[-72.58039855901606,-0.730099976522589],[-72.60230255131603,-0.723699987934983],[-72.6432037351611,-0.697499991458158],[-72.71009826626393,-0.642400027036764],[-72.73200225847636,-0.616900026848825],[-72.76490020820218,-0.599399984218812],[-72.77179718030074,-0.584900021110802],[-72.79550170779706,-0.589999974822796],[-72.81790161042758,-0.618200003992211],[-72.85939788782981,-0.641700030102776],[-72.88249969461245,-0.648000001311114],[-72.95110320952708,-0.646000028799201],[-72.97699737511849,-0.586399971620314],[-72.99839782640844,-0.564300001478351],[-73.01570129409669,-0.555599987727409],[-73.06060028006604,-0.553699971009969],[-73.06929779043382,-0.558799981535637],[-73.09230041499058,-0.601499975308167],[-73.09339904669865,-0.64249998442677],[-73.11710357654364,-0.648199975892511],[-73.14420318522023,-0.634800016394984],[-73.16380310131967,-0.635800003271635],[-73.20760345560885,-0.657000004277759],[-73.22309875532794,-0.657500027919018],[-73.25309753298082,-0.637199997695486],[-73.25430297758514,-0.625100017669357],[-73.27559661871825,-0.614000021462814],[-73.29409790156326,-0.582199991811879],[-73.30740356386626,-0.572899997752573],[-73.3852005009483,-0.544799982901521],[-73.41979980439697,-0.557399987418646],[-73.45439910920861,-0.546800016516234],[-73.48889923153757,-0.555400014578457],[-73.53849792522631,-0.555100024597184],[-73.5714035027275,-0.531899988604483],[-73.58119964555031,-0.544000030049055],[-73.596199035628,-0.544499992148365],[-73.59619903562442,-0.527800024138547],[-73.58809661905856,-0.519100009524186],[-73.61689758390783,-0.500500023871633],[-73.6285018914698,-0.469300001043749],[-73.67919921895985,-0.476000010993703],[-73.67810058500756,-0.444799988285818],[-73.70459747308657,-0.443500013284906],[-73.75070190535904,-0.41040000213934],[-73.78299713241566,-0.416599988540638],[-73.79570007206536,-0.435099989575024],[-73.81069946237197,-0.440800010662989],[-73.8527984618297,-0.441199988478527],[-73.87010192962147,-0.427300007029348],[-73.8836517345336,-0.430558830688942],[-73.94149780301206,-0.40099999227983],[-74.02339935193342,-0.381000011398377],[-74.05690002341892,-0.364699989270957],[-74.08170318503808,-0.315499990522974],[-74.11399841224197,-0.31420001380632],[-74.14859771704667,-0.284599990856556],[-74.16359710623941,-0.2786999939907],[-74.19519805812976,-0.299400002835894],[-74.21309661841671,-0.296400011689824],[-74.23040008661225,-0.258199988801004],[-74.24720001304598,-0.255299984986823],[-74.25180053725,-0.27259999491328],[-74.31520080681389,-0.242300003077123],[-74.31690216129397,-0.229000003355216],[-74.29450225901182,-0.200200006129287],[-74.29789733784584,-0.178200005523366],[-74.34120178224134,-0.17290000507306],[-74.35959625284154,-0.159500004032497],[-74.39589691163228,-0.148399994203642],[-74.44779968170835,-0.166600003410635],[-74.45929718089246,-0.16249999337042],[-74.46279907311578,-0.152099995655102],[-74.44730377289076,-0.133699998686323],[-74.48069763190752,-0.119099997718085],[-74.48590087991693,-0.119699999537029],[-74.49449920653954,-0.155499994321082],[-74.50599670379665,-0.168699994179659],[-74.52850341885761,-0.172700003442764],[-74.53659820496993,-0.164499996982191],[-74.53540039165767,-0.139699995085843],[-74.54699707144174,-0.135000004322826],[-74.55680084115836,-0.139599992703808],[-74.55390167341052,-0.160400002080878],[-74.55960083076769,-0.160999999391741],[-74.6420974729615,-0.133499993936416],[-74.64959716805393,-0.103399998521056],[-74.66110229502206,-0.091799997532464],[-74.70089721658718,-0.103200004045804],[-74.68190002456876,-0.059999998093985],[-74.69519805818236,-0.048900001784269],[-74.72119903517732,0.013000000582597],[-74.70159912025584,0.018700000339158],[-74.69349670510485,0.028499998981685],[-74.69750213517878,0.039500000892291],[-74.73560333197902,0.047099999930032],[-74.72979736295682,0.070200003172048],[-74.71769714347441,0.065499998667144],[-74.70909881595539,0.071900001908262],[-74.70800018294861,0.13249999325064],[-74.73799896332758,0.17309999483526],[-74.75469970782419,0.179499999684087],[-74.86820221062418,0.19380000148703],[-74.9962005627003,0.233600006260026],[-75.02799987685769,0.250499994131418],[-75.02850341738493,0.259799987778495],[-75.00489807124382,0.293799997167473],[-75.02169799820872,0.323300002935249],[-75.02169799862126,0.370099992279337],[-75.00270080623206,0.38789999379494],[-75.03959655690016,0.445800006943068],[-75.03669738889724,0.456200003353192],[-75.12550353944029,0.462300003702025],[-75.12319946228158,0.486000000646195],[-75.13189697337641,0.486600010574016],[-75.14399719194996,0.483200013401855],[-75.17050170974501,0.460200011286789],[-75.23210143931065,0.465700000082978],[-75.23680114645126,0.477800011938096],[-75.23269653305498,0.493400008518107],[-75.26619720378905,0.538600027609232],[-75.26560211229969,0.547800003715984],[-75.23799896275838,0.585900009782056],[-75.25009918252448,0.612500011337524],[-75.28359985292744,0.643800020112548],[-75.2875976552815,0.65420001733689],[-75.27670288008504,0.688799976396886],[-75.29049682677754,0.713100017098478],[-75.35679626367374,0.743499995197282],[-75.43920135545578,0.727599979451522],[-75.50039672868621,0.746399999336785],[-75.50839996386766,0.759700000814331],[-75.54360199094447,0.760399996116556],[-75.56150054823024,0.788800000440365],[-75.56439971965612,0.818300009791031],[-75.57710266077609,0.829299986784848],[-75.63760376006256,0.834699988222555],[-75.6445007328679,0.846300006242322],[-75.64170074514912,0.859600007099264],[-75.7200012209739,0.840300024633919],[-75.75920105050169,0.838699995279269],[-75.76959991410241,0.816799998985854],[-75.78919982834974,0.816900015499136],[-75.80020141497147,0.827300012132766],[-75.80249786486947,0.860300005157519],[-75.82900238131711,0.877099989904516],[-75.87449646033079,0.870400010745975],[-75.92420196618238,0.931299985069412],[-75.94550323566699,0.967199981441672],[-75.96679687415696,0.975899993662133],[-75.96340179523115,0.98689997151847],[-75.9431991588971,0.988499999956329],[-75.93689727812651,0.994799972594581],[-75.94439697202127,1.003000020060011],[-75.93920135465247,1.009299992569165],[-75.95300292876365,1.019199968534388],[-75.96970367340978,1.020400046978118],[-76.00440215988195,1.054600001242401],[-76.01300048744356,1.043099999909797],[-76.0037994383812,1.027500032426877],[-76.02449798526405,1.039700031992311],[-76.08910369825793,1.037700056237252],[-76.10350036567151,1.046399949860083],[-76.1116027835624,1.044100045065344],[-76.12370300253738,1.070099949527077],[-76.17269897404148,1.114799975587302],[-76.17790222076619,1.103299976394367],[-76.19170379670301,1.097599983920066],[-76.21589660738165,1.098799944345251],[-76.21420288131664,1.131199956884326],[-76.20330047723904,1.151299952478177],[-76.20559692285127,1.175600052736661],[-76.21769714417387,1.181399942358889],[-76.27130126998465,1.161399959836926],[-76.2770996085038,1.219799994364347],[-76.31289672851888,1.28349995589019],[-76.3106002811303,1.30139994547625],[-76.28639984249985,1.335399984309606],[-76.2846984864961,1.351500033907067],[-76.23739624036727,1.413699985058918],[-76.23059845062673,1.455299972919588],[-76.18450164832655,1.52380001637015],[-76.1585006720924,1.52660000255929],[-76.13250732458378,1.493471265888804],[-76.02189636278523,1.526600003254005],[-75.95970153716593,1.599099994261295],[-75.8681030261384,1.660599947720235],[-75.8703994752664,1.670400022997657],[-75.82610321090532,1.757400035952497],[-75.77880096384308,1.803400038738101],[-75.75689697333463,1.853600026196275],[-75.67970275982132,1.922600031826601],[-75.58580017095214,1.967200041620398],[-75.57140350246051,2.016900063693968],[-75.46829986655015,2.190900088280126],[-75.30239868258256,2.370399951652355],[-75.28170013327745,2.473099945826172],[-75.26499938909863,2.509399891672831],[-75.24140167235728,2.537100075496872],[-75.23449707042863,2.537600040973394],[-75.21430206201707,2.51909995078868],[-75.20619964568567,2.485500097225331],[-75.19470214922262,2.480900049375486],[-75.13300323446322,2.514699936368451],[-75.01609802130314,2.606600046669156],[-75.00910186651848,2.619899987259008],[-75.01899719338931,2.64989995896623],[-75.08129882730319,2.744299888154075],[-75.07779693628764,2.755899905939486],[-74.95510101383647,2.888799906137026],[-74.93270111123024,2.934900046147597],[-74.9206008918774,2.944099903565883],[-74.87380218602998,2.916800021157969],[-74.8144989006249,2.897500038652713],[-74.76490020811742,2.872999905812583],[-74.72329711967488,2.843899965971734],[-74.66739654473064,2.819400071697394],[-74.60919952307437,2.778800009934689],[-74.60459899871637,2.766599892832365],[-74.60510253921136,2.667799949483339],[-74.67299652120029,2.575700043682103],[-74.69149780334595,2.536499977169083],[-74.69259643650261,2.497800111869246]]]}},{"type":"Feature","properties":{"DPTO":"19","NOMBRE_DPT":"CAUCA","AREA":29742787301.199,"PERIMETER":1243388.952,"HECTARES":2974278.73},"geometry":{"type":"MultiPolygon","coordinates":[[[[-78.21162414518196,2.975113868815045],[-78.24890136754087,2.956473350449321],[-78.26754760734617,2.97977375934669],[-78.26754760764558,3.003074168957839],[-78.23026275600368,3.045014619540712],[-78.20696258532585,3.054334878404615],[-78.18832397477753,3.054334878432535],[-78.20696258507972,3.021714210486117],[-78.21162414518196,2.975113868815045]]],[[[-76.3929977422294,3.282999992859714],[-76.37460327174392,3.275399923231237],[-76.25980377232571,3.273799896687715],[-76.2465972897064,3.269700050616096],[-76.23449707036723,3.253400086855725],[-76.20559692411909,3.234800100318122],[-76.16529846174093,3.217299938592186],[-76.09714508056777,3.208592653649622],[-76.1006011960169,3.092299938702317],[-76.09200286863359,3.059299945271801],[-76.07980346682896,3.029799938284462],[-76.05740356483925,3.000299930315891],[-76.02159881604855,2.984499931485801],[-76.00489807131345,2.968899965843874],[-76.00830078070899,2.870100021763465],[-75.98919677744423,2.787400007440169],[-75.94300079391525,2.669399976159398],[-75.89050292929616,2.596999884186882],[-75.88819885227679,2.573899983889427],[-75.87840270952253,2.543800115868549],[-75.86450195328838,2.524100065177503],[-75.84780120849733,2.457600116634086],[-75.8500976556669,2.450099944740615],[-75.86679840122791,2.447900057259802],[-75.89099884055733,2.421999931333028],[-75.92849731490763,2.41580009520108],[-75.94979858446177,2.42860007285658],[-75.95729827884519,2.460900068876013],[-76.01149749748541,2.482500076091028],[-76.04090118452238,2.484999895340889],[-76.0755004876961,2.468899964774671],[-76.09619903574493,2.418800115309486],[-76.13829803417482,2.383100032791937],[-76.18550109858185,2.374700070022828],[-76.25009918167989,2.398600101771718],[-76.27490234416622,2.401599884423217],[-76.31009674091179,2.394299983426552],[-76.32440185602256,2.310600042839035],[-76.40219879129619,2.295900106202819],[-76.41780090352849,2.275700092150328],[-76.4142990106353,2.257800102209673],[-76.39820098833802,2.233999968178033],[-76.38320159958113,2.234600067724561],[-76.38089752152305,2.229899882689609],[-76.3860015868149,2.195899962952566],[-76.36820220920245,2.178999901380574],[-76.36299896231654,2.155299902249183],[-76.36530303978341,2.125900030061425],[-76.37449645951038,2.10859990098519],[-76.40329742390355,2.092000007815378],[-76.41130065915094,2.076400041018185],[-76.43669891412516,2.072499990436189],[-76.50469970756176,2.113199949106195],[-76.56069946339153,2.133100032959802],[-76.61949920611622,2.119999886029165],[-76.63729858397126,2.100500106240124],[-76.63960266132342,2.075599908362061],[-76.62519836386187,2.043200015581024],[-76.6275024412595,2.02530002651673],[-76.61959838839535,1.987040996496859],[-76.62969970670977,1.958899975297933],[-76.62860107364365,1.934100031677862],[-76.61239624069776,1.864699959605828],[-76.59570312522052,1.86059999509876],[-76.54669952360851,1.865000009077109],[-76.50460052501671,1.837700009234965],[-76.476898193121,1.796000003875409],[-76.47049713089726,1.781499981985496],[-76.46759796159157,1.704699993589142],[-76.47509765575296,1.651000022658849],[-76.45950317338033,1.627200007055322],[-76.44680023211158,1.616199970703012],[-76.33499908490897,1.588000059218462],[-76.30149841302129,1.52839994386229],[-76.28589630100167,1.513900041760526],[-76.27040100059745,1.510900021152131],[-76.19200134271433,1.537099958041972],[-76.17240142768155,1.527199984193222],[-76.1845016476977,1.523800015961482],[-76.2305984496001,1.455299973649404],[-76.23739624071509,1.413699984626535],[-76.28469848603328,1.351500033780425],[-76.28639984110693,1.33539998546209],[-76.3106002809028,1.301399945670048],[-76.3128967284296,1.283499955635473],[-76.27709960983944,1.219799995109628],[-76.27130126918861,1.16139996048978],[-76.21769714377227,1.181399941353652],[-76.20559692356525,1.175600052287826],[-76.20330047601365,1.151299953166213],[-76.21420288115388,1.13119995651325],[-76.21589660669471,1.098799944106878],[-76.19170379676783,1.097599983748297],[-76.17790222224554,1.103299975975796],[-76.17269897457676,1.114799975802851],[-76.1237030024821,1.070099950381326],[-76.11160278366623,1.044100046286722],[-76.1035003660984,1.046399950991445],[-76.09429931665066,1.018599987178372],[-76.1231002805971,1.01180005131651],[-76.12419891392511,0.996200024770953],[-76.15019988958993,0.998600006116611],[-76.19460296611669,1.014999985467558],[-76.19860076910976,1.006899953381103],[-76.21299743595537,1.006399988592563],[-76.22509765620201,0.993200003788228],[-76.21820068401773,0.978699982211535],[-76.22339630077545,0.975300014541472],[-76.26260375955114,0.96329998926101],[-76.29250335704442,0.966899990515804],[-76.32599639864901,0.953700005589811],[-76.38529968282445,0.968400001808684],[-76.4394989011295,0.969200015606204],[-76.58139801023988,1.047199965093154],[-76.58830261209279,1.075600028183148],[-76.58779907222107,1.118899941052052],[-76.56420135510021,1.196799993416219],[-76.5618972784087,1.234899997772397],[-76.57749939012919,1.338899970562664],[-76.58789825493164,1.360900043902548],[-76.60980224618703,1.383499980138404],[-76.66169738774737,1.409700035654809],[-76.6755981449569,1.427099943643136],[-76.70149993881492,1.423799991583438],[-76.73660278355021,1.393900036561583],[-76.75389862114295,1.334400058346578],[-76.76709747346848,1.310799956711034],[-76.78269958454658,1.29820001143893],[-76.79599761987245,1.292500018928182],[-76.84269714398566,1.293200016352074],[-76.86224365282084,1.302569866469575],[-76.83399963382722,1.338799953167153],[-76.83869934112055,1.382699966811257],[-76.86640167226133,1.424999952803181],[-76.81970214789617,1.518399953619282],[-76.8169021604289,1.556499957634103],[-76.83650207505059,1.596500039022467],[-76.91089630151833,1.63080000864944],[-77.0094985961143,1.698300003604396],[-77.04699707069783,1.716300010087512],[-77.06079864516649,1.712299943519879],[-77.07399749749585,1.698500036770395],[-77.06539916936744,1.689299941223756],[-77.09819793720486,1.685899972562543],[-77.12129974395584,1.675099968381793],[-77.18759918184676,1.678799986580326],[-77.21119689903793,1.670799970985203],[-77.23770141662186,1.670899987749229],[-77.25209808295588,1.660599947339336],[-77.267097472571,1.661200047082001],[-77.27694702170513,1.671619296631298],[-77.29879760682901,1.665400027710953],[-77.35299682593902,1.673699975576586],[-77.36399841307535,1.683599948879029],[-77.36460113584066,1.692199945272423],[-77.33750152543415,1.721600055392847],[-77.32479858356109,1.749300003051724],[-77.32720184372484,1.820899963193531],[-77.30529785118637,1.862400055391056],[-77.27590179479151,1.883100032278671],[-77.26149749803692,1.910699963382311],[-77.24250030460458,1.924499988167773],[-77.24079895060414,1.936599969405594],[-77.24079894960407,1.960899948758185],[-77.28749847398174,2.00900006336256],[-77.2921981814569,2.085900067871183],[-77.30429840080127,2.108500004285351],[-77.32330322322983,2.108500003459992],[-77.33370208687903,2.087800026151431],[-77.34120178270999,2.084899901775926],[-77.36360168477776,2.089600086680947],[-77.38210296635022,2.184499978981959],[-77.40000152644508,2.21169996279697],[-77.44380188041748,2.213000058897846],[-77.47209930433533,2.199300050216023],[-77.5061035158833,2.192500114601154],[-77.62999725325496,2.188400029916509],[-77.67849731402232,2.208800077771763],[-77.74880218448767,2.253000021254663],[-77.76899719270608,2.274399995740305],[-77.77480316146277,2.321799994023434],[-77.96980285688699,2.550199985234805],[-78.0152969363239,2.625499963229204],[-78.02690124566107,2.659600019565891],[-78.02505493105937,2.66607189145171],[-78.01020050075226,2.648600100983646],[-77.99810028042667,2.648000001644987],[-77.98249816836939,2.6582999229764],[-77.99120330805088,2.680299996840867],[-77.97679901072583,2.708499908464059],[-77.95890045182723,2.677299975873523],[-77.95369720507718,2.722899913716859],[-77.94450378403246,2.747100114437044],[-77.87359619121646,2.682699918249694],[-77.86949920705257,2.684999942350417],[-77.87359619096729,2.716799974903904],[-77.8615036011505,2.775599956864787],[-77.82749938991456,2.788800001109236],[-77.80960083026307,2.789299964350195],[-77.7773971562421,2.806499957738293],[-77.80729675279318,2.805999994622312],[-77.82640075740993,2.814800023678757],[-77.80159759534386,2.841799974088957],[-77.7682037351698,2.848000049264303],[-77.75900268520915,2.869899988133628],[-77.72959899880048,2.874399900632742],[-77.70359802252072,2.899699925790419],[-77.73249816872212,2.900399923501253],[-77.74569702136974,2.892999887055708],[-77.75209808290367,2.899399995618052],[-77.7365036016091,2.937400102771895],[-77.71640014630172,2.950599908736449],[-77.70890045181464,2.96849989840833],[-77.7099990839773,2.996200084568824],[-77.68930053684436,3.009399890767061],[-77.7203979494999,3.011300086488082],[-77.7221984857644,3.018800020465473],[-77.72969818055577,3.019399881707101],[-77.74579620392927,2.992300033751895],[-77.75499725317677,2.99410009340373],[-77.75270080510482,3.007400036268717],[-77.71350097606185,3.072499989887417],[-77.70140075682791,3.069000005775997],[-77.69969940136424,3.048199891724929],[-77.65419769293455,3.069900036349081],[-77.65760040301609,3.078000068632011],[-77.68759918248642,3.078200102104148],[-77.68470001180683,3.083300114084842],[-77.64900207520026,3.110300064448809],[-77.56659698449799,3.220299958662193],[-77.5273971562493,3.225399970854732],[-77.51820373581303,3.247800112131971],[-77.46579742410125,3.260900020458403],[-77.43869781524616,3.261399984502875],[-77.41729736363122,3.243400096944752],[-77.40750122073058,3.21849989865757],[-77.37229919459773,3.173899888527417],[-77.30490112257407,3.179399966958994],[-77.29389953588786,3.15450000796375],[-77.28639984188189,3.156199931719645],[-77.25409698495724,3.130599975842652],[-77.2546997070339,3.09540009533199],[-77.19819641159073,3.10850000423395],[-77.05639648410039,3.077800035477722],[-77.04019927948394,3.078299999806077],[-76.99469757076184,3.096600055282549],[-76.97630310045969,3.093100070611534],[-76.95200347954031,3.064100026737548],[-76.9094009404292,3.077800035436935],[-76.80789947568483,3.080300092730832],[-76.77050018303028,3.094000101258271],[-76.68060302745508,3.105700015988245],[-76.6696014400294,3.111999988837752],[-76.64250183157426,3.097500085738303],[-76.62120056129719,3.099699974260235],[-76.61250305211661,3.111799955974508],[-76.60160064658764,3.115200042471444],[-76.57510376033116,3.098299980140697],[-76.5559997561671,3.102900028452132],[-76.55490112321831,3.142699957299913],[-76.53420257619007,3.147300004516664],[-76.52380371068597,3.170900106101921],[-76.52439880376618,3.19519996693349],[-76.49210357625427,3.237200021941178],[-76.50769805951096,3.245899915760254],[-76.50080108687116,3.267299890560079],[-76.52269744915804,3.287600040328496],[-76.519798278983,3.292799949038941],[-76.50540161087159,3.298500061485305],[-76.48989868178425,3.316299915731556],[-76.45989990174381,3.315599918545854],[-76.41719818134091,3.288899898472277],[-76.3929977422294,3.282999992859714]]]]}},{"type":"Feature","properties":{"DPTO":"20","NOMBRE_DPT":"CESAR","AREA":22973095679.788,"PERIMETER":1080343.678,"HECTARES":2297309.568},"geometry":{"type":"Polygon","coordinates":[[[-73.28231811548066,10.856246948843255],[-73.25871276892336,10.776447296601027],[-73.27421569805999,10.72804737162226],[-73.24941253620723,10.733046532455436],[-73.22871398987695,10.752646445507116],[-73.20681762657863,10.743846893776873],[-73.17731475873825,10.70274734531017],[-73.16641235274454,10.676747322088822],[-73.15431213446497,10.666247368124782],[-73.13581848106351,10.678346633522791],[-73.12201690676886,10.661546707385343],[-73.0857162476117,10.644046783310337],[-73.08281707821054,10.635347365947512],[-73.1223983763405,10.593000412206163],[-73.12809753463867,10.57619953170085],[-73.12580108573124,10.552000045372093],[-73.14140319879473,10.528400421093458],[-73.17070007290644,10.500800133520015],[-73.1960983281456,10.48929977464229],[-73.19609832743903,10.481200218458557],[-73.21219634929862,10.466300010316532],[-73.21630096361743,10.447799683264243],[-73.1942977904598,10.441399574349852],[-73.18509674049375,10.425700187706251],[-73.18049621645005,10.38119983595229],[-73.11650085500243,10.42080020917956],[-73.0962982172566,10.426500320326223],[-73.07330322255854,10.419500351729601],[-73.04389953550299,10.419899940420661],[-72.98220062225415,10.390800475754135],[-72.94605255091949,10.391071319098069],[-72.86875915461277,10.410279274337457],[-72.83470916677476,10.411782264850737],[-72.85649871808795,10.364899635655359],[-72.89050292940647,10.319899558319928],[-72.91639709462318,10.297499657339532],[-72.94229888970929,10.251999854342],[-72.95149993975943,10.1965999595831],[-72.93879699635463,10.133600234758045],[-72.95089721624718,10.088600158487905],[-72.9987030037033,9.992899895178695],[-73.01190185531537,9.944399833777412],[-73.01879882875177,9.867600440958533],[-73.01360321024794,9.85429954471952],[-72.98699951104733,9.832300185900348],[-72.96510314871881,9.829899788597105],[-72.96800231876524,9.809599876741157],[-73.00949859631858,9.756699562516806],[-73.02739715644296,9.752099990907183],[-73.04920196484719,9.701399802948002],[-73.05789947480402,9.662699699238102],[-73.07200622491327,9.651574134724571],[-73.08779907227182,9.61610031067468],[-73.11080169682151,9.58959960865457],[-73.1280975339716,9.541099548099245],[-73.17250060966305,9.520500182351679],[-73.19719696086035,9.470399857220539],[-73.22489929196253,9.439900398260583],[-73.22139739962141,9.41559982362599],[-73.27040100134677,9.373700142101589],[-73.28420257548379,9.351799965056301],[-73.36080169640468,9.166099549106425],[-73.37979888942422,9.145999907874911],[-73.37750244062495,9.141900063235475],[-73.42700195296423,9.124799728451745],[-73.42649841387765,9.08609962507923],[-73.43789672788817,9.00529956818074],[-73.45169830330323,8.96370029488321],[-73.43609619105439,8.786299705038866],[-73.44699859664765,8.75000000018776],[-73.47699737515941,8.71599960283909],[-73.47059631315719,8.689399719887968],[-73.48850250323888,8.685500145711883],[-73.51670074524867,8.660699844672578],[-73.54029846217938,8.651599884047224],[-73.5519027704433,8.629699706419363],[-73.54779815627086,8.598500251633398],[-73.55930328422566,8.540800094113516],[-73.55059814391745,8.50259971553317],[-73.52870178179639,8.494400024553325],[-73.5223999028736,8.470700263917651],[-73.51080322242889,8.468400001265588],[-73.49639892509668,8.479900360528003],[-73.48889923144155,8.471699715391678],[-73.49639892579347,8.450400352853602],[-73.49469757002322,8.417499541566237],[-73.52349853591257,8.370800018933789],[-73.52120208782449,8.361000060347386],[-73.49349975609793,8.338899613060073],[-73.48020172116958,8.307100295307366],[-73.46579742447807,8.304699898224454],[-73.42659759593582,8.34150028267974],[-73.41970062210608,8.37040042839059],[-73.43699645992415,8.40390014678686],[-73.4330596924731,8.426668166971265],[-73.36959838799014,8.414099693160624],[-73.36100006049064,8.371212004927242],[-73.36609649595573,8.36730003351589],[-73.38099670412434,8.28880024030226],[-73.40640258724754,8.248399734761659],[-73.40519714276785,8.222399711741517],[-73.42539978093349,8.198800087073938],[-73.4350967405799,8.159600257619473],[-73.42710113590937,8.14570045535195],[-73.43280029252686,8.12259960110696],[-73.4050064083265,8.09818363230593],[-73.4171981812996,8.08619975978302],[-73.4113998410057,8.035300254554222],[-73.35489654592584,8.015399933616536],[-73.32730102616549,7.998600006083029],[-73.307098389413,7.959199905948386],[-73.30359649668183,7.936699866687116],[-73.31620025595223,7.900899887519181],[-73.3657989494732,7.884900092902914],[-73.37500000034082,7.875199794086579],[-73.36810302811631,7.794300079518155],[-73.41929626541678,7.737299919414562],[-73.42910003633276,7.721700191291934],[-73.43370056213578,7.694600105619528],[-73.50810241649289,7.684500217985735],[-73.53919982856839,7.6915998461454],[-73.60150146490443,7.719600200641815],[-73.6446990968828,7.715700150320974],[-73.6498870855354,7.708443164802451],[-73.77850341718616,7.722000121760091],[-73.7785034184574,7.747499942495189],[-73.7605972295435,7.770500182577543],[-73.76930236786913,7.794799804068849],[-73.76470184349225,7.808100222812049],[-73.73699951130746,7.840300082976577],[-73.73069763133803,7.865099906283029],[-73.70709991484719,7.89790010515392],[-73.70480346688724,7.913499831908194],[-73.70819854763171,7.9244999881754],[-73.73419952460105,7.947100162582612],[-73.75090026850447,7.951799870106687],[-73.75839996331112,7.964600085460614],[-73.75559997623319,7.997499942120028],[-73.7758026119095,8.043800353644226],[-73.80059814474112,8.07100009997737],[-73.78849792553964,8.11660003585732],[-73.79599762026919,8.113200187810062],[-73.80760192817876,8.118314743277402],[-73.80919647254139,8.126500129711157],[-73.8005981438035,8.130499839339867],[-73.80930328311561,8.176799774336457],[-73.7730026244925,8.23209953234247],[-73.77590179454891,8.256299972150876],[-73.7689971916668,8.281100272621584],[-73.77770233126293,8.340700150237854],[-73.77189636263503,8.422699928882691],[-73.78179931580817,8.459099769460856],[-73.80079650856803,8.489199639159004],[-73.81240081850272,8.566699982121971],[-73.84349823051839,8.617600441487156],[-73.81539916979072,8.756699562632658],[-73.8177032472905,8.778699875521127],[-73.85749816925309,8.823900222990897],[-73.88639831526689,8.905500411621121],[-73.87490081834507,8.963199615528806],[-73.8604965208367,8.993200302821187],[-73.83399963394989,9.014399529068672],[-73.82879638685165,9.040399551192388],[-73.85299682618046,9.080900192478952],[-73.88649749689104,9.110500335661179],[-73.90840148869833,9.179900169810757],[-73.98570251512999,9.193499565567638],[-73.96440124478649,9.25759983047567],[-73.99960327118224,9.3444004063501],[-74.04109954848667,9.378000260015197],[-74.08609771703284,9.431900024155222],[-74.14839935367488,9.46689987242923],[-74.15632629464827,9.477104186520323],[-74.11959838850126,9.507800102181013],[-74.05329894998624,9.581999778954101],[-73.97380065900148,9.575300216929461],[-73.86080169644572,9.580599785234648],[-73.8504028316456,9.57419967668741],[-73.82279968326124,9.572400092515434],[-73.80950164787838,9.58209991452614],[-73.82279968274887,9.651499747998438],[-73.86720275865814,9.732000351618655],[-73.86260223344065,9.77350044237814],[-73.92549896275894,9.823499679305593],[-73.95960235568182,9.885399819190939],[-73.98670196548234,9.911499977863835],[-74.02300262510009,9.931900024968451],[-74.0316009515176,9.957400322545842],[-74.08409881550993,10.006699562382158],[-74.11070251483756,10.06630039247422],[-74.09400176937166,10.136699677256125],[-74.06980133023733,10.17240047390966],[-74.07160186796924,10.18739986352925],[-74.06349945141754,10.201800345762178],[-74.04560089187586,10.20289993310514],[-74.02950286918228,10.238100052245953],[-74.00879669196422,10.248999595831313],[-73.99720001242497,10.267399787340423],[-73.98339843742028,10.304300308184192],[-73.93450164752636,10.360099793001122],[-73.9067993164771,10.379099845619953],[-73.81400299083317,10.383899688576706],[-73.77480316149224,10.398699759876434],[-73.76619720405566,10.411999703007748],[-73.74710083033351,10.40789985705192],[-73.74140167235606,10.412500381184842],[-73.74369812040558,10.434399604228554],[-73.73509979218403,10.443599701058824],[-73.69409942651173,10.449199676203099],[-73.67220306473968,10.47399997675498],[-73.65670013351802,10.503899574597234],[-73.62670135476597,10.514800071516884],[-73.64350128101687,10.655799865296732],[-73.63430023146928,10.685199737537806],[-73.60209655735022,10.731300354325073],[-73.60260009776668,10.747500419866341],[-73.6095962532392,10.757900237444424],[-73.62570190453576,10.763199805793992],[-73.68509674018802,10.76000022870194],[-73.68859863281467,10.779600142693532],[-73.64189910822091,10.801899910397784],[-73.59001159692771,10.843699455849865],[-73.53388977120537,10.847825050072098],[-73.50178527857672,10.864727974446948],[-73.46720123366472,10.870885849000542],[-73.28231811548066,10.856246948843255]]]}},{"type":"Feature","properties":{"DPTO":"23","NOMBRE_DPT":"CORDOBA","AREA":25059485605.512,"PERIMETER":814093.372,"HECTARES":2505948.561},"geometry":{"type":"Polygon","coordinates":[[[-75.81950378419519,9.42300033587717],[-75.79239654553072,9.409099578770594],[-75.7042007450024,9.402299880565687],[-75.69210052500438,9.386699676512189],[-75.69210052452084,9.36590003998918],[-75.68630218552319,9.362400054838263],[-75.68630218522499,9.35200023637385],[-75.70179748495612,9.329000472624038],[-75.68170166005113,9.331800460758522],[-75.681816101583,9.316696166823977],[-75.6632003789053,9.312100410883545],[-75.65570068361892,9.295299530369798],[-75.64250183125654,9.297499657048473],[-75.63500213631812,9.306699752595435],[-75.62339782756564,9.302599907118903],[-75.55079650929768,9.25790023798369],[-75.53289794922611,9.23239994027643],[-75.52079772901843,9.227100371893629],[-75.46659851122627,9.239600181469],[-75.46080017040413,9.22340011585108],[-75.46720123311682,9.217100142990512],[-75.47059631372963,9.177200316967692],[-75.4394989008539,9.173100471523226],[-75.42449951129763,9.164299965053733],[-75.43250274614866,9.154000282759347],[-75.42559814438746,9.130800247039247],[-75.41120147658674,9.121500015000327],[-75.36450195327534,9.134099960220174],[-75.35590362595663,9.130499839686294],[-75.33390045217548,9.11660003684031],[-75.32360076869526,9.090600013351834],[-75.31320190399185,9.085900306201962],[-75.30570220897818,9.057600021713984],[-75.24739837688381,9.05329990413467],[-75.21510314916455,8.97049999206137],[-75.20639801068523,8.91969966841605],[-75.21219635009852,8.893099785115746],[-75.20989990241446,8.864800453044316],[-75.25599670451037,8.858599662559236],[-75.26409912106833,8.869099617179803],[-75.27159881574632,8.86909961680418],[-75.32630157457164,8.860099792858643],[-75.36840057348478,8.835399627697464],[-75.40070342989279,8.836700439474019],[-75.40409851094377,8.823499679238033],[-75.37300109860021,8.778300285751067],[-75.34349822962079,8.75160026510412],[-75.34239959670523,8.743499755368076],[-75.36769866955953,8.720499992828644],[-75.34809875499336,8.678799629427644],[-75.33480072058748,8.620400429112888],[-75.32900238038779,8.566699981862795],[-75.32270050051899,8.559100150819203],[-75.33300018294207,8.52280044587933],[-75.3145980836223,8.486300468941703],[-75.20970153776416,8.484700203308604],[-75.19750213640326,8.466799735546617],[-75.2147979735019,8.43620014189605],[-75.21710205096886,8.410200118548147],[-75.19519805931832,8.404399871509199],[-75.18879699745972,8.385299682548574],[-75.15769958516769,8.381099701274389],[-75.13809967087442,8.383299827317007],[-75.08740234341397,8.430500030186272],[-75.04940032936399,8.451100349930037],[-75.0500030513748,8.473099708454841],[-75.04360198947052,8.476499557558274],[-75.01129913316335,8.460800170966461],[-74.96230316178155,8.460000038640963],[-74.92829894995496,8.443699836805258],[-74.90059661831495,8.44470024121123],[-74.88159942661821,8.421600341471065],[-74.87640380871892,8.401900291466774],[-74.81700134232857,8.379099845818462],[-74.80780029259333,8.365799903930911],[-74.80259704547973,8.356499671607983],[-74.80889892569135,8.34329986562558],[-74.80030059770382,8.290699959073157],[-74.7766036990927,8.264599800331887],[-74.7731018070166,8.24950027436911],[-74.78469848606062,8.239199638343667],[-74.78810119650038,8.214400291340768],[-74.81690216089359,8.197199821025333],[-74.83650207540026,8.194899559510233],[-74.8339385983827,8.185330390929787],[-74.85440063511915,8.172499656708087],[-74.89589691139146,8.124699592854688],[-74.91079711933193,8.088399886927105],[-74.95860290511854,8.050499916534218],[-75.07340240470107,8.035900115988243],[-75.21630096477935,8.03190040613041],[-75.22899627708513,8.024399756999397],[-75.25430297830893,7.991600036790401],[-75.26069641075478,7.969099998316151],[-75.28140258809222,7.96689987164268],[-75.3010025025472,7.93349981346312],[-75.32170104978839,7.931799888237943],[-75.33380126962173,7.918000221217624],[-75.34649658225118,7.856800079646305],[-75.39659881615589,7.830500125757895],[-75.47389984123018,7.807700157257775],[-75.46980285675477,7.775899887357279],[-75.4835968017335,7.750000000365812],[-75.4934005736984,7.746600151300158],[-75.49169921849338,7.725800037697494],[-75.50319671608378,7.707300186202644],[-75.54530334461536,7.70809984232689],[-75.56490325964292,7.715700149872766],[-75.58509826622796,7.733699799052399],[-75.62660217326349,7.726299762718408],[-75.6495971682337,7.713099956514003],[-75.67610168428173,7.678599834091372],[-75.70079803476078,7.583399772888218],[-75.81030273437855,7.425000190732431],[-75.82579803425872,7.408899784054651],[-75.83560180614896,7.409500122355186],[-75.84140014614401,7.388700008561457],[-75.9116973874292,7.368800163363727],[-76.03040313695857,7.35309982306256],[-76.34169769336467,7.35160017013301],[-76.40460205086906,7.411300182574172],[-76.46630096481105,7.529399871928441],[-76.47730255085929,7.535200119243361],[-76.48770141609083,7.580299854363852],[-76.502700805516,7.597700118699882],[-76.51830291741281,7.645699978259088],[-76.51429748507584,7.693699836515123],[-76.4901962281209,7.835100173564779],[-76.42279815640376,7.973400116007875],[-76.41300201416871,8.073300362082996],[-76.39289855933376,8.133299827125],[-76.37270355206475,8.164400100257328],[-76.34279632559922,8.232999801338476],[-76.25409698529414,8.369500160154407],[-76.19650268604428,8.41839981043858],[-76.19589996308511,8.437999725778706],[-76.21730041473916,8.571599960607658],[-76.2270965571402,8.583700180074434],[-76.26290130565614,8.603500365936936],[-76.3223037718404,8.62569999737873],[-76.349403381619,8.652999878202092],[-76.37419891408912,8.710300445435939],[-76.39910125714181,8.833399772316817],[-76.45159912067703,8.88729953721422],[-76.38639831573431,8.915399551818778],[-76.3628005980405,8.951700211073288],[-76.31040191606917,8.976300239842853],[-76.28559875463162,8.998100280396137],[-76.25679779012341,9.074799537997938],[-76.21250152625343,9.11450004528771],[-76.19979858375825,9.134699821891408],[-76.18939971910176,9.162300109753597],[-76.18769836404257,9.221300125115764],[-76.1658020021591,9.249500275116636],[-76.13009643506554,9.270099639446995],[-76.12439727797312,9.290900230142418],[-76.1277999881453,9.3048000338446],[-76.11399841281408,9.319700241261001],[-76.07479858362117,9.346099853904809],[-76.05229949930099,9.348899841753806],[-75.98259735113523,9.379799842634096],[-75.94920349116305,9.410300254882277],[-75.91580200186608,9.409600257743136],[-75.89440155042809,9.420499801845496],[-75.85700225841003,9.424900054931127],[-75.81950378419519,9.42300033587717]]]}},{"type":"Feature","properties":{"DPTO":"25","NOMBRE_DPT":"CUNDINAMARCA","AREA":22800258637.523,"PERIMETER":1164175.024,"HECTARES":2280025.864},"geometry":{"type":"Polygon","coordinates":[[[-74.32959747367775,5.748899936821267],[-74.31919860846972,5.72279977818656],[-74.32430267350541,5.694600104919021],[-74.30590057399246,5.681200027041265],[-74.30529785179904,5.670800208547929],[-74.32029724118182,5.642600059148871],[-74.34510040273184,5.620699882550472],[-74.34619903524072,5.612100124036473],[-74.29540252686905,5.525800228080978],[-74.29199981643491,5.498000145428503],[-74.26249694788388,5.470200061446049],[-74.24349975543778,5.461400032197821],[-74.2089004519093,5.460700035207138],[-74.1690979007602,5.43919992447189],[-74.13860321049692,5.443699836441414],[-74.10399627709981,5.386300087106243],[-74.08209991471448,5.380499839739012],[-74.06420135531322,5.356699943468426],[-74.05500030521172,5.353199958716262],[-74.04519653363226,5.358399867704754],[-74.04035186725986,5.354670524749324],[-74.01290130653219,5.390600204670297],[-73.9737014775316,5.406599998020412],[-73.95590209969426,5.445799827548919],[-73.9409027103455,5.454400062539624],[-73.92530059842575,5.500500202483634],[-73.9154968262822,5.511499881348359],[-73.89019775431755,5.520599841712118],[-73.84470367434633,5.564300059978676],[-73.81639862023901,5.579199790692363],[-73.81009674024995,5.546299933921165],[-73.8264389037881,5.487901687374624],[-73.77369689923658,5.464099883624676],[-73.69239807095693,5.441800117468959],[-73.6756973269576,5.41340017297544],[-73.63590240520428,5.381499767763205],[-73.64340209954797,5.381000041500013],[-73.64160156259918,5.343400001617323],[-73.59660339307794,5.268700122321896],[-73.57129669184958,5.265100002664651],[-73.56379699713739,5.251200199604278],[-73.5590972904586,5.199800014678948],[-73.5522003172177,5.192800045345168],[-73.54869842494351,5.171500205923675],[-73.52619934104608,5.138400078167239],[-73.51010131782253,5.092700004324963],[-73.5192031861195,5.021699905846464],[-73.54109954823542,4.964600085773572],[-73.57160186788947,4.909900188092361],[-73.56300353953736,4.88210010568561],[-73.54799652129901,4.87169980993185],[-73.44819641147016,4.871200084468273],[-73.42459869342733,4.856699943699514],[-73.41310119588489,4.845699786632321],[-73.41480255109916,4.832399844865261],[-73.39980316213493,4.819600104778393],[-73.40209960970022,4.778600215922577],[-73.35479736373269,4.754199981822326],[-73.33460235571145,4.710800171111278],[-73.26309966989696,4.707600116469795],[-73.2613983157878,4.673500061561342],[-73.2562026973763,4.665400028702394],[-73.23429870603977,4.65609979624702],[-73.18640136762659,4.642000198551021],[-73.16100311279796,4.650000095598377],[-73.12879943872397,4.649300098734486],[-73.10399627657254,4.705200195668087],[-73.0860977171899,4.717800140039977],[-73.06939697260377,4.703299999622973],[-73.06770324745418,4.68709993410043],[-73.14579772941886,4.190700054565846],[-73.1815032955788,4.204699992936199],[-73.25189971921398,4.248899936889982],[-73.32910156277632,4.261400222518723],[-73.41619872996564,4.284800052816071],[-73.45480346726278,4.265299796751597],[-73.52110290488586,4.25930023141745],[-73.55169677763872,4.263999938440506],[-73.57420349093346,4.284900188862005],[-73.57129669167297,4.299900055067516],[-73.57820129440402,4.331099987402261],[-73.6082000732253,4.377500057000606],[-73.6137771609174,4.407259464008804],[-73.60420226998342,4.426599979676705],[-73.60359954847058,4.445600032383568],[-73.62380218454705,4.459599971475227],[-73.63590240507718,4.456099986696776],[-73.65670013442697,4.46490001695308],[-73.66819763217498,4.475299835486521],[-73.68319702112716,4.467299938590458],[-73.7097015385721,4.50320005408797],[-73.72360229480519,4.505000114850726],[-73.75589752211738,4.486700058485761],[-73.79620361340697,4.447599888130004],[-73.82330322264424,4.41590023026933],[-73.8348007202292,4.381299972812113],[-73.82900238010146,4.365699768531752],[-73.81050109836886,4.352900028762002],[-73.79149627671146,4.248899936397641],[-73.76550292989762,4.213500023101197],[-73.7642974854962,4.200200081262612],[-73.77590179399631,4.188099860803433],[-73.92910003715402,4.100399970476894],[-74.03919982955031,4.088699817907734],[-74.08529663101596,4.039800166620817],[-74.11409759547612,4.020899772257391],[-74.21959686256172,3.999399900253331],[-74.2098007200139,4.046100139931743],[-74.18849945101367,4.089399814308472],[-74.18280029264872,4.132100105458985],[-74.14589691125327,4.177000045840658],[-74.15350341791473,4.262499809031617],[-74.14309692382501,4.296000003485312],[-74.13159942674592,4.308599948597967],[-74.12120056148466,4.347300052248271],[-74.1333999637658,4.378499984772398],[-74.13510131872484,4.401100158940131],[-74.11730194126726,4.431600094018917],[-74.07749938932393,4.471300125629925],[-74.07520294233265,4.486299991865533],[-74.05680084241317,4.493700027132141],[-74.0469970707386,4.532400131396281],[-74.02570343032221,4.551400184149083],[-74.0251007075928,4.592400074001842],[-74.01010131812822,4.622900009099982],[-74.01589965873838,4.627600192766428],[-74.03150176994752,4.617199897621505],[-74.03489685074373,4.631700038861328],[-74.04360198985978,4.630599975898049],[-74.0257034298945,4.653600216012229],[-74.03269958502337,4.673299788915558],[-74.02400207501934,4.709000111067869],[-74.03099823017176,4.761600018048234],[-74.02290344217003,4.795100212061961],[-74.06040191654841,4.81370019872888],[-74.09609985320155,4.815000057098898],[-74.10939788830505,4.780399799110839],[-74.13300323508008,4.77129983932464],[-74.1548995973012,4.721099853820693],[-74.17449951162102,4.706200122669354],[-74.17220306354619,4.694099903277345],[-74.19409942666235,4.678599834096741],[-74.19290161106873,4.643300056452134],[-74.22979736311713,4.626100063534558],[-74.22460174531655,4.587399959124576],[-74.21589660617997,4.58099985089017],[-74.20089721667101,4.547500133013559],[-74.19570159950096,4.514500141146499],[-74.20259857152097,4.476399898343573],[-74.23940277137082,4.381899833991505],[-74.22100067121028,4.34479999526675],[-74.23770141596576,4.303299903778763],[-74.23989868158074,4.227000236745809],[-74.268096924131,4.112199783243534],[-74.31479644806761,4.087600230648687],[-74.38339996314704,4.083199977979429],[-74.41159820574246,4.041800021724642],[-74.4144973751377,4.035399914091072],[-74.38210296625101,3.948699951538364],[-74.3843994140919,3.881700038888981],[-74.43509674087926,3.780800104620599],[-74.47080230738503,3.741699934376694],[-74.48000335724892,3.709300040976776],[-74.51689910845614,3.665600061416799],[-74.51979827870136,3.67429995547908],[-74.51290130614528,3.690999984218659],[-74.52439880375572,3.713599920593125],[-74.50540161148092,3.744100093387424],[-74.5105972290542,3.760900020706428],[-74.56310272226524,3.803900003746583],[-74.55100250211522,3.855799912917207],[-74.52799987836259,3.905400037386373],[-74.55280303959044,3.963799953055306],[-74.54360199015007,3.987499952574687],[-74.53440093996278,3.992599964507158],[-74.54299926728119,4.026199818150714],[-74.52980041549104,4.063600063454437],[-74.50669860839922,4.092400074182437],[-74.50330352782481,4.108600139375819],[-74.50910186819738,4.143799782027487],[-74.54370117193704,4.199999809579354],[-74.54429626419541,4.224899769150264],[-74.5701980589402,4.244599819435815],[-74.61080169728055,4.252865791748722],[-74.62960052480203,4.244900227073849],[-74.68090057407538,4.198900222868767],[-74.72119903531166,4.197299957809064],[-74.73850250236127,4.207200050309987],[-74.74890136751219,4.225699901906832],[-74.77539825430708,4.224699974296821],[-74.78530120859001,4.24319982497161],[-74.80719757130558,4.244999885441084],[-74.82510375976292,4.276899814913326],[-74.90799713152929,4.25239992133978],[-74.91609954874156,4.258800029435467],[-74.91899871787712,4.276100158525669],[-74.913299560796,4.296899796026782],[-74.90059661874372,4.313600063321087],[-74.8701019282774,4.406400203323081],[-74.83670043977881,4.448999881895853],[-74.82460022022798,4.4917001723523],[-74.84079742400637,4.525899886996323],[-74.84539794955455,4.55770015757107],[-74.83329772926278,4.578999996370796],[-74.84539794964931,4.602700232976761],[-74.82579803498426,4.634399890964714],[-74.8264007572635,4.646599769143973],[-74.83969879102808,4.66620016050323],[-74.83799743681418,4.688199996844715],[-74.85009765585835,4.716000079819161],[-74.80919647231057,4.741199970642645],[-74.80629730249846,4.750999927885293],[-74.783302306667,4.768199920530639],[-74.7815017697238,4.813300132754074],[-74.78849792482836,4.824299812609057],[-74.7798004152106,4.852000236887474],[-74.78220367458358,4.866399765099931],[-74.76370239264806,4.872700213910194],[-74.77010345487712,4.902200221919882],[-74.75910186746252,4.92409992230276],[-74.77700042762069,4.948400020753005],[-74.74009704547687,4.967299937680972],[-74.74130249075043,4.977799892923842],[-74.76576232932975,4.997966766491746],[-74.74600219762715,5.097300052166752],[-74.75229644774316,5.125100135428481],[-74.74250030528579,5.149899960003926],[-74.7593002320654,5.188099860726085],[-74.75930023220948,5.257400035802059],[-74.76570129399246,5.272999763036617],[-74.74720001171342,5.287399769368561],[-74.72940063514677,5.335800170510789],[-74.73000335642622,5.350299835394799],[-74.71499633736917,5.3657999040448],[-74.71620178202336,5.385399818460606],[-74.70290374751622,5.38600015616804],[-74.69709777795086,5.39629983864194],[-74.70120239235396,5.425799846382537],[-74.68329620378559,5.424600124654769],[-74.69259643529571,5.480700016075277],[-74.6713027952918,5.534900188041886],[-74.68509674119417,5.556900024867845],[-74.66329956013196,5.609300136624189],[-74.65979766879374,5.654399871933081],[-74.6489028928175,5.668200016103545],[-74.67939758314448,5.695499896566873],[-74.67890167210925,5.71049976347757],[-74.68520355255123,5.717500209971979],[-74.67310333244525,5.739900112114647],[-74.67659759500407,5.758399963860903],[-74.66680145251273,5.758399963041284],[-74.630996703701,5.736899852460302],[-74.59470367396517,5.742499828062162],[-74.5560989379887,5.772399902237603],[-74.5422973630266,5.771699905144282],[-74.54109954785834,5.76189994808398],[-74.49620056139294,5.763999938554036],[-74.46849823013684,5.745399952137533],[-74.4160003662177,5.766600131775104],[-74.36879730232515,5.816100120795005],[-74.3544006346745,5.820600032806474],[-74.33540344288012,5.784699917013767],[-74.32959747367775,5.748899936821267]]]}},{"type":"Feature","properties":{"DPTO":"27","NOMBRE_DPT":"CHOCO","AREA":46838522629.87,"PERIMETER":1797897.873,"HECTARES":4683852.263},"geometry":{"type":"Polygon","coordinates":[[[-77.02130126877334,8.271699905727692],[-77.001098631693,8.273300170024077],[-76.99286651501392,8.219183921632773],[-76.97373199531725,8.17873000986118],[-76.97209167498862,8.114220618083937],[-76.96362304694709,8.070486067724334],[-77.02169799748242,8.0059995646885],[-77.01940154969172,7.980000019759456],[-77.03040313734489,7.971300124268984],[-77.02980041459573,7.94189977705155],[-77.03959655845325,7.910200119819353],[-77.07119750934302,7.870399951418679],[-77.09950256449116,7.857299803745192],[-77.11560058575962,7.834199905684441],[-77.13639831646849,7.834899903346368],[-77.14900207583005,7.822199822059433],[-77.10169982858532,7.740600109978974],[-77.02100372422325,7.676700115660986],[-77.00164031933234,7.657863617026639],[-76.98376464731959,7.627222537901707],[-76.95482635546136,7.61984586763394],[-76.89723205517093,7.588920592531564],[-76.86091613873414,7.594878674078215],[-76.82091522122704,7.58806943925357],[-76.80417633121623,7.576720715497064],[-76.76209259127174,7.502329349611116],[-76.72024536188557,7.386552810988072],[-76.70680236772438,7.370667933869192],[-76.64112090967727,7.325762272005695],[-76.58705139094586,7.303156851862016],[-76.55780029303843,7.262400149836965],[-76.54229736332107,7.254199981984405],[-76.52610015930922,7.226399899045131],[-76.51629638565281,7.162199974000374],[-76.50299835319134,7.14020013877127],[-76.5432968136579,7.060100077481398],[-76.54669952502003,6.98850011880532],[-76.55599975624881,6.970600128493307],[-76.57379913218102,6.973599911295981],[-76.61129760701094,6.998600005333611],[-76.64759826740885,7.000500202623597],[-76.70590209914106,7.02610015899085],[-76.72200012244339,7.026199817933477],[-76.75599670400452,7.012499810281267],[-76.83439636290393,7.00939988996709],[-76.8402023313703,6.99440002434242],[-76.8316802977114,6.958639145247934],[-76.81483459391983,6.965312003712484],[-76.80374908405415,6.951627255317383],[-76.7913742054082,6.889020918865437],[-76.7950897206727,6.871836661533409],[-76.80066681023015,6.863941668616913],[-76.83271026588945,6.861619471879846],[-76.82156372088353,6.840720175704105],[-76.83596038915346,6.840720177428286],[-76.83967590232574,6.831431388592385],[-76.85639953627957,6.845829011138676],[-76.88333129773504,6.852795123528725],[-76.90330505461385,6.835611343660036],[-76.91863250683477,6.848615646807197],[-76.93721008191982,6.814479826801144],[-76.97575378336823,6.813550949624319],[-76.97668456922284,6.798689365957278],[-76.96228790197667,6.793580532233615],[-76.96878814673063,6.741564750419897],[-76.96042632951858,6.728096485512698],[-76.93999481110676,6.722058772769469],[-76.93813323904561,6.715092181793153],[-76.96739196776603,6.689084052090688],[-76.96646881049641,6.677937983779584],[-76.95067596419773,6.677473544108226],[-76.9446334849367,6.689084052478496],[-76.94046020483425,6.686762333994659],[-76.94184875491892,6.661218643393878],[-76.93721008318825,6.651929855419886],[-76.927917481557,6.649607659146042],[-76.9093399046049,6.674222469814281],[-76.89819335912583,6.666791916431186],[-76.91537475598012,6.639854908757205],[-76.90933990372612,6.628243922038321],[-76.87496948351735,6.631959439352305],[-76.86243438704125,6.623135565815959],[-76.86708068884295,6.609666823818725],[-76.89494323728253,6.607344626247643],[-76.90237426815797,6.589231966974608],[-76.89912414441442,6.574834823078748],[-76.8902969362987,6.563224314832882],[-76.86846923913716,6.5729770657999],[-76.85314178428615,6.558115482447874],[-76.84571075541665,6.524444104322905],[-76.82295989942017,6.525372982769887],[-76.824813841695,6.490076541544885],[-76.81784820456846,6.491469861208685],[-76.80716705327661,6.510511399331282],[-76.77187347509107,6.482181548814854],[-76.77140808171895,6.470570565049313],[-76.77837371881833,6.467783927540882],[-76.78580474943637,6.476608277260191],[-76.79973602290784,6.446420192226489],[-76.79833984331869,6.438525199265651],[-76.79044342084877,6.435738562961071],[-76.77279663059021,6.443169117294008],[-76.76676178039025,6.437131881618236],[-76.76815795860517,6.426449774583127],[-76.77651214648058,6.422269820265502],[-76.7983398445098,6.424592019266397],[-76.79880523791284,6.416232586716625],[-76.77279663077935,6.398584364810445],[-76.76908111516656,6.388831137640095],[-76.7723312385273,6.381864548000736],[-76.78765869066623,6.383722306464347],[-76.78998565725813,6.377220630852315],[-76.77512359660763,6.370254040011671],[-76.77651214715783,6.363287447744569],[-76.79183959846445,6.354695797034569],[-76.7946243289011,6.345871447470802],[-76.78162384140334,6.333564281877416],[-76.7918395996284,6.327991008160335],[-76.79277038516184,6.31730938013187],[-76.78022766156002,6.28619241640613],[-76.75793456920701,6.286192416192977],[-76.7518997183404,6.278761387661906],[-76.75746917826598,6.252289294061769],[-76.72775268505282,6.237427235029736],[-76.71752929697297,6.19562864212958],[-76.72357177844754,6.182160377204184],[-76.71656036442364,6.168775559346044],[-76.60559844986928,6.156400204743762],[-76.56410217387976,6.164899826424342],[-76.36180114815828,6.177299975465387],[-76.28980255074438,6.194900036257051],[-76.27709961027213,6.196000098464658],[-76.26319885300697,6.186699868175185],[-76.25569915667963,6.173999786909937],[-76.26550293022778,6.113999843636651],[-76.24410247700031,6.02029991063505],[-76.2192993173018,5.993599891761988],[-76.1570968629364,5.98530006428636],[-76.13169860818563,5.974800110918732],[-76.15010070802997,5.935599803681451],[-76.14610290588185,5.915299892139236],[-76.15979766919715,5.805699824220694],[-76.12870025744886,5.745999814046569],[-76.13899993880825,5.729899882111664],[-76.12290191636345,5.712500096234375],[-76.1326980588656,5.650700091646963],[-76.12110137834827,5.624700069032922],[-76.06980133031726,5.572500227975152],[-76.064002991748,5.514100075331102],[-76.04669952314303,5.491499900304492],[-76.02819824172957,5.486299991173364],[-76.0173034679564,5.471799850661402],[-76.11519622791634,5.443299769785149],[-76.1635971059492,5.39559984114679],[-76.27660369899591,5.349199772034329],[-76.30139923061802,5.323400019763078],[-76.30650329622564,5.298500060297592],[-76.31520080459133,5.289899825298641],[-76.35500335782703,5.277400017804897],[-76.3583984380969,5.233500004620927],[-76.32900238029104,5.207399844952588],[-76.28970336931557,5.145999908570875],[-76.26899719257894,5.104300021564096],[-76.24990081856991,5.025700091202052],[-76.21929931565272,4.987999916285218],[-76.17720031792584,4.963500023898601],[-76.16970062205507,4.965091227412174],[-76.16970062141812,4.958300114292843],[-76.20890045072657,4.881700039036005],[-76.24169921912117,4.834400178000774],[-76.34310150063645,4.78229999653824],[-76.36560058479924,4.762199877863742],[-76.38629913440157,4.731100081387211],[-76.3834991443867,4.727000236800295],[-76.41000366121408,4.707499981700398],[-76.46640014750348,4.610099792184383],[-76.47560119575336,4.570899962962904],[-76.4894027706517,4.556499958237296],[-76.50959777728089,4.507999896530321],[-76.5319976817408,4.426700114437879],[-76.5914001460781,4.410200118724259],[-76.58100128112795,4.359300136053262],[-76.55960082987627,4.300300120659337],[-76.55609893751357,4.24200010320354],[-76.48110198989494,4.18790006544267],[-76.46209716885836,4.169899939930012],[-76.46430969300027,4.162530899829647],[-76.48400116075778,4.140600205101631],[-76.50990295471799,4.133200169477248],[-76.53410339457298,4.105500220365055],[-76.56349945022238,4.092400073173769],[-76.59179687408434,4.057799815646801],[-76.62860107441266,4.03840017281605],[-76.69200134270366,4.036900043310951],[-76.72779846092111,4.009300232316459],[-76.79290008658619,3.992799997325771],[-76.8327026369352,4.010300160390504],[-76.89610290515975,4.066599845973134],[-76.98380279447633,4.115499973584876],[-77.04080200218117,4.107100010003986],[-77.10019683921406,4.11429977361095],[-77.12499999994581,4.127099990375743],[-77.15619659409121,4.161900042954049],[-77.2016983023685,4.18400001571017],[-77.23860168442998,4.162799835933128],[-77.26399993901221,4.165800094112218],[-77.27429962049665,4.179699897710217],[-77.29460143996359,4.23979997732316],[-77.30950164883826,4.231200219284386],[-77.31240081722387,4.206399918076128],[-77.3284988396559,4.181600093116295],[-77.34120178298413,4.178800106584105],[-77.37059783865261,4.198599816115438],[-77.40000152488977,4.191199779356066],[-77.47380065997426,4.197299956742668],[-77.54239654492063,4.15939998599819],[-77.5510025029011,4.146800041787107],[-77.55680084207394,4.151999949619468],[-77.55909728915117,4.172800064404123],[-77.5539016732537,4.194699763923882],[-77.54409790117026,4.20679998301961],[-77.4881973273812,4.221000195412077],[-77.50489807099429,4.226299763156759],[-77.54409790086378,4.225299835956358],[-77.5557022085531,4.215499877455448],[-77.56259918204559,4.225399970416617],[-77.56199646041688,4.249100207449009],[-77.53790283313612,4.303800106348347],[-77.53089904858635,4.294000149334575],[-77.53320312423403,4.281899929100933],[-77.53839874359976,4.270299911488675],[-77.54820251561252,4.265699863079377],[-77.54070282056885,4.251900195217694],[-77.49690246575311,4.254600047823997],[-77.45369720551435,4.246900082097755],[-77.46859741169351,4.255000113703899],[-77.48130035368284,4.274700164545099],[-77.47160339250549,4.291999817585764],[-77.4445037840843,4.293600083127311],[-77.45020294228263,4.305799960140668],[-77.47329711955466,4.315700054402412],[-77.46579742541111,4.341100215098967],[-77.45369720432087,4.357800007194343],[-77.42150115949974,4.38129997238395],[-77.39150238016403,4.422800064400533],[-77.39440154960805,4.492099761439439],[-77.38980102458252,4.506000042923689],[-77.38059997588371,4.494400024732888],[-77.3581008910132,4.525499820755928],[-77.36910247779433,4.54169988645423],[-77.36160278419545,4.579199789866687],[-77.36799621591308,4.592500209966837],[-77.35759735025981,4.646800040246158],[-77.36509704671077,4.680900097861359],[-77.35710144067916,4.667600154853743],[-77.34089660676534,4.673799991838609],[-77.34609985445492,4.703299999446597],[-77.36399841229826,4.715499878569316],[-77.36350250286509,4.772099972154483],[-77.35250091538413,4.751299858352342],[-77.3363037119689,4.746600150815961],[-77.32479858457882,4.729199886633685],[-77.3155975346954,4.72860002573861],[-77.31159973093202,4.737800121411189],[-77.33640289340116,4.783599854251243],[-77.36000061056636,4.801599978973539],[-77.36350250240913,4.816599846531411],[-77.37670135540387,4.825900077712743],[-77.38649749705652,4.823100089401125],[-77.3935012828388,4.877399921240038],[-77.3848037717335,4.87160015026675],[-77.38490295428844,4.892899990080205],[-77.40789795035936,4.912099837301961],[-77.4085006717891,4.936900138690354],[-77.41660308953439,4.950799943015824],[-77.40570068280174,5.022999762993799],[-77.43049621566257,5.103400230034812],[-77.42939758391577,5.136300087944093],[-77.43569946307316,5.153100013108438],[-77.41729736301352,5.166900158846939],[-77.41380310140853,5.17959976218487],[-77.42479705776813,5.196400165972593],[-77.40689849921884,5.216499805431436],[-77.44149780205143,5.203400134652527],[-77.44270324697277,5.192999840000797],[-77.4507980351026,5.220200062226795],[-77.43869781429541,5.309100150290611],[-77.42199707121512,5.298600197313061],[-77.42430114741238,5.288799762077841],[-77.41100311360464,5.289299965783151],[-77.42720031708826,5.340199947750665],[-77.44039916891094,5.336200236717797],[-77.44680023247653,5.346600056362937],[-77.45780181889349,5.41079997948393],[-77.44570159992638,5.421100140345621],[-77.44969940217679,5.43100023349271],[-77.43009948676804,5.46089982950188],[-77.4699020388055,5.464000224737473],[-77.47689819338922,5.508500099687556],[-77.54080200199431,5.498400210996877],[-77.5748977663931,5.513500214163449],[-77.55470275946065,5.559700012527683],[-77.54609680080992,5.603499888370132],[-77.50749969582878,5.604499816063775],[-77.45960235490533,5.629700183854935],[-77.43199920718115,5.627299784548661],[-77.42790222090792,5.614600181983227],[-77.40540313747515,5.616799830868276],[-77.36689758321903,5.675499916818838],[-77.3351974481334,5.689899920577291],[-77.30059814411686,5.726699828748615],[-77.27580261258043,5.794700144598616],[-77.28620147625843,5.815000056110817],[-77.298301697836,5.817399979331591],[-77.32319641155637,5.872900010288994],[-77.34049987699977,5.89669990597137],[-77.35610199087073,5.950399875029547],[-77.34970092746481,5.979899884186987],[-77.37110137887683,6.0204000479318],[-77.3808975219417,6.060900212400711],[-77.39299774183027,6.07590007743328],[-77.40460204963453,6.069600105357566],[-77.3964996345775,6.040699957797854],[-77.40630340474605,6.046000004865788],[-77.42590331941553,6.087600231424671],[-77.45469665593878,6.116600035573406],[-77.46279907167813,6.156000136603414],[-77.50029754524557,6.22539997060248],[-77.48880004896591,6.261799813067499],[-77.48940277042766,6.300499917081644],[-77.46520233260884,6.275499821864191],[-77.43979644860151,6.265600204971085],[-77.43000030427135,6.266699790220883],[-77.41040039111721,6.294899939800167],[-77.40930175833775,6.343999863289558],[-77.39949798517861,6.375199795875986],[-77.419097901161,6.389100075118505],[-77.36614227228203,6.402682780746733],[-77.36904144293958,6.441982745662586],[-77.36154174813498,6.459883213593363],[-77.3610458373142,6.499783038089449],[-77.34313964786566,6.532582760545918],[-77.34774017266112,6.570783139276469],[-77.41184234665505,6.661683082051347],[-77.40894317672182,6.681282996483206],[-77.41414642366946,6.695182801375322],[-77.43084716734391,6.703982829232733],[-77.4539413456182,6.70398282944994],[-77.45654296946286,6.709043025941412],[-77.4771804803014,6.704682827938881],[-77.50854492298109,6.685430050043201],[-77.5131454462774,6.673330306347443],[-77.50904846277484,6.653130054960865],[-77.53094482429347,6.650930405478202],[-77.54304504305975,6.662530422690606],[-77.54544830253822,6.677530288270507],[-77.53564453146443,6.690730094682654],[-77.54605102585354,6.720830441173034],[-77.55874633893843,6.737030028476652],[-77.5610504151994,6.759030343047939],[-77.57424926832793,6.787430286788202],[-77.59564971947741,6.809430121993594],[-77.65904998696249,6.846630095624526],[-77.68569946266405,6.871399879663697],[-77.70760345368787,6.854199887001869],[-77.71980285681612,6.875599861500486],[-77.7064971920256,6.936200141190603],[-77.6793975839766,6.952799797544393],[-77.67079925475133,6.980500221610098],[-77.7007980353084,7.01009988824307],[-77.70719909582965,7.041299818842855],[-77.73539733811583,7.078999996376504],[-77.79250335659776,7.107500075574018],[-77.80809783861682,7.130099773930785],[-77.82939910821854,7.140600205613835],[-77.87670135445008,7.182400226175441],[-77.88999938962736,7.2125000946091],[-77.91649627738809,7.246099947986879],[-77.91709899786846,7.255899906899773],[-77.91480255135018,7.285399914093281],[-77.8911972038727,7.356900214521846],[-77.84169769229213,7.457200050681826],[-77.83080291802428,7.467000007812931],[-77.70631408633223,7.508591651329189],[-77.73266601529622,7.563969613128577],[-77.74125671451803,7.599505902462207],[-77.74747467028148,7.635931014366915],[-77.7341461176826,7.667321683001365],[-77.69772338929819,7.67028284108309],[-77.65892791857807,7.648961067185347],[-77.64412689128983,7.633265971528953],[-77.63790130706367,7.608390330766508],[-77.58786010651616,7.516883373148928],[-77.56890106152508,7.513329983069038],[-77.54432678108124,7.541166782455511],[-77.538002013333,7.576600074579444],[-77.52480316051441,7.603700160270644],[-77.4418029779603,7.702199935668752],[-77.40720367339955,7.758600235960412],[-77.37270355337192,7.798900128343784],[-77.29319763162714,7.852300165982266],[-77.23609924404039,7.880899906053748],[-77.21360015890275,7.900499819772294],[-77.22630309965041,7.925399779414855],[-77.22229766775504,7.946199894470067],[-77.2085037223599,7.969200134157195],[-77.20909881700707,7.998099803047314],[-77.22180175873136,8.017800331488365],[-77.2357025155938,8.088299750901063],[-77.26450347963136,8.148500443278923],[-77.27549743670794,8.191300391638944],[-77.3527984624953,8.263799667290147],[-77.3902969368809,8.400899887962263],[-77.44509887783349,8.450200081676316],[-77.46700286938427,8.490699768463571],[-77.46589660572127,8.5068998328348],[-77.44000244121442,8.553000448997796],[-77.41690063489841,8.579999922552922],[-77.38529968328471,8.650400161735808],[-77.37950134289594,8.649800300607145],[-77.35870361430464,8.619099616216944],[-77.34950256365569,8.616700173011266],[-77.31780242996399,8.56630039223827],[-77.29989624058199,8.561100005022675],[-77.28260040282333,8.543700219215662],[-77.24970245332729,8.4793996818693],[-77.21859741240524,8.465999604348804],[-77.14299774070477,8.410799980334902],[-77.10143280011795,8.35413932884402],[-77.07779693575281,8.292099953678541],[-77.04609680206025,8.275799751310371],[-77.02130126877334,8.271699905727692]]]}},{"type":"Feature","properties":{"DPTO":"41","NOMBRE_DPT":"HUILA","AREA":20318702519.012,"PERIMETER":929144.166,"HECTARES":2031870.252},"geometry":{"type":"Polygon","coordinates":[[[-74.63600158711778,3.273900032529793],[-74.67569732685013,3.219799994873262],[-74.71029663111905,3.187000036623937],[-74.72930145222699,3.115400076274081],[-74.80650329566011,3.081700086863474],[-74.84570312501056,3.056400061105059],[-74.85369873065783,3.035700082237901],[-74.90160369844976,2.986200094176514],[-74.9551010136769,2.888799906214498],[-75.07779693650065,2.75589990585352],[-75.079498291092,2.735699891733098],[-75.01200103805671,2.634299993992944],[-75.00910186729054,2.619899988318533],[-75.01609802245538,2.60660004634301],[-75.13300323532843,2.514699935732177],[-75.1947021481463,2.480900048919337],[-75.20619964555097,2.485500096699841],[-75.21430206350318,2.519099950697504],[-75.23449707080258,2.537600040924151],[-75.24140167223271,2.537100077125109],[-75.26499938982231,2.509399890470099],[-75.28170013446952,2.473099947097153],[-75.30239868160598,2.370399951802959],[-75.46829986560651,2.1909000874326],[-75.57140350355093,2.01690006300691],[-75.58580017133646,1.967200041274227],[-75.67970275884352,1.922600031179484],[-75.75689697226319,1.853600024861573],[-75.7788009645852,1.803400040063593],[-75.82610321051905,1.757400035360813],[-75.87039947471062,1.670400023623711],[-75.86810302684358,1.66059994677811],[-75.95970153811822,1.599099994137584],[-76.02189636193538,1.526600003184192],[-76.13250732365209,1.493471264839561],[-76.15280151346751,1.522500038189788],[-76.1920013423525,1.53709995722479],[-76.27040100154811,1.510900020369727],[-76.28589630176793,1.513900041234819],[-76.30149841316751,1.528399944311215],[-76.33499908491078,1.588000059501811],[-76.44680023159508,1.616199970431502],[-76.45950317363743,1.6272000074202],[-76.47509765586848,1.651000023071655],[-76.46759796107744,1.70469999326283],[-76.4704971318422,1.781499981705458],[-76.47689819339978,1.79600000366256],[-76.50460052475886,1.837700009462546],[-76.54669952359902,1.865000009928796],[-76.59570312550933,1.860599994938897],[-76.61239624073583,1.864699959333153],[-76.62860107440163,1.934100031751533],[-76.6296997066444,1.958899974717685],[-76.61959838822374,1.98704099631983],[-76.62750244127271,2.025300025454046],[-76.62519836397692,2.043200016153181],[-76.63960266089703,2.075599908872824],[-76.63729858399931,2.100500106606739],[-76.61949920623766,2.119999885706528],[-76.56069946294554,2.133100032824266],[-76.5046997065768,2.113199949824554],[-76.43669891404112,2.072499990481591],[-76.41130065885153,2.076400041163909],[-76.40329742431157,2.092000007947825],[-76.37449645961202,2.108599901274427],[-76.3653030395963,2.125900029842711],[-76.36299896260908,2.155299902291858],[-76.36820220920191,2.178999901049516],[-76.38600158685554,2.195899963294007],[-76.38089752239613,2.229899883396588],[-76.38320159916277,2.234600066774537],[-76.39820098894891,2.233999967284702],[-76.4142990117868,2.257800102787625],[-76.41780090355577,2.275700092366832],[-76.40219879136193,2.295900106711698],[-76.32440185571728,2.310600042628113],[-76.31009674025935,2.394299984129134],[-76.27490234325292,2.40159988400505],[-76.25009918214407,2.39860010116479],[-76.18550109858931,2.3747000693511],[-76.13829803412222,2.383100032367631],[-76.09619903507625,2.418800115098799],[-76.07550048870581,2.468899965210793],[-76.04090118374204,2.484999894542887],[-76.0114974975089,2.482500075839435],[-75.95729827921774,2.460900068508833],[-75.94979858354152,2.428600073387604],[-75.92849731493276,2.415800094246222],[-75.89099883996059,2.42199993142347],[-75.86679840133529,2.447900057024059],[-75.85009765612106,2.450099944602381],[-75.86450195343399,2.524100065453712],[-75.87840270945269,2.543800115646564],[-75.89050292925437,2.596999883957496],[-75.9430007938038,2.669399976918914],[-75.98919677686699,2.787400007563847],[-76.00830078108068,2.870100021550595],[-76.00489807117933,2.968899965712933],[-75.9760971068698,2.976300000583327],[-75.9564971918449,2.966900110487873],[-75.89820098864618,2.976500034437887],[-75.88610076947211,2.986299991296391],[-75.85959625188592,3.031199931594916],[-75.84179687458526,3.045000076315391],[-75.80950164815648,3.046000003242044],[-75.7858963010555,3.033200025453785],[-75.75759887748943,3.075900077497168],[-75.68679809520746,3.122900008708855],[-75.60489654491097,3.138200044201068],[-75.59169769278691,3.151999950266419],[-75.60610199010279,3.187900066225716],[-75.6054992672739,3.214999914553472],[-75.59860229465902,3.224200010535367],[-75.53520202628233,3.277100086378093],[-75.48110198985901,3.299999952469923],[-75.4620971685395,3.331099987205323],[-75.41079711956061,3.354500055527522],[-75.40619659412425,3.378799915501361],[-75.3957977295812,3.386800051202023],[-75.33930206298008,3.391799927303138],[-75.28910064663583,3.354599952635303],[-75.2810974115612,3.361500024995871],[-75.27590179398652,3.387500048049532],[-75.2585983274534,3.395499944903846],[-75.23670196514743,3.395400047647721],[-75.21476745655173,3.365826606233068],[-75.20379638631658,3.370399952158551],[-75.19409942619939,3.394099951068866],[-75.07649993933637,3.430000067042236],[-75.0632019047714,3.423599957876149],[-75.04129791266942,3.364500046292442],[-75.06199646044043,3.33400011066777],[-75.10350036654208,3.301300049400856],[-75.09940338136418,3.282799959358189],[-75.03028106694579,3.259984492688533],[-74.95529937729519,3.266599894111727],[-74.87870025652619,3.329200029008478],[-74.79290008576602,3.423000097599278],[-74.79000091570562,3.432199954535775],[-74.79859924329635,3.460000037803813],[-74.81420135449747,3.474499940648842],[-74.8067016598461,3.479700088100147],[-74.80670165958936,3.504499911834961],[-74.76349639902048,3.544800042716921],[-74.7640991210471,3.574199915167633],[-74.75659942646814,3.586299895847445],[-74.72720336925593,3.607000111967386],[-74.67479705790866,3.661600113007403],[-74.625801086527,3.692100047526577],[-74.60220336870229,3.719700098186723],[-74.57749938922555,3.775000095537295],[-74.57170105034074,3.807899951934479],[-74.5105972288758,3.760900021122228],[-74.50540161166788,3.744100093655577],[-74.52439880372908,3.713599920388883],[-74.51290130615823,3.69099998520844],[-74.51979827842096,3.67429995519696],[-74.52089691170976,3.636699914979872],[-74.57099914569726,3.539299964879272],[-74.61650085394679,3.477099895324896],[-74.62220001261646,3.448899984836876],[-74.62329864472744,3.313699960681848],[-74.63600158711778,3.273900032529793]]]}},{"type":"Feature","properties":{"DPTO":"44","NOMBRE_DPT":"LA GUAJIRA","AREA":21012349660.45,"PERIMETER":936598.02,"HECTARES":2101234.966},"geometry":{"type":"Polygon","coordinates":[[[-71.62120056151291,12.423500061415067],[-71.56639862044271,12.410599708589551],[-71.51799774179803,12.365900040183682],[-71.46610260046923,12.364000320023772],[-71.4337997439757,12.344200134451402],[-71.36000061021458,12.333499908984159],[-71.32309722846053,12.306200027227412],[-71.2307968138743,12.141200065994406],[-71.21520233214473,12.101799964943652],[-71.19899749754472,12.038200378518551],[-71.20939636181377,12.01109981596177],[-71.28540039053172,11.939200401309426],[-71.34940338124694,11.912899970578565],[-71.38510131803491,11.861100197066126],[-71.43579864494009,11.825499535090664],[-71.44100189175538,11.812199592857885],[-71.4093017575412,11.819600105435883],[-71.40869903625561,11.808600425261375],[-71.41960143992956,11.789600372872354],[-71.6011962886813,11.747547149717148],[-71.65129852309411,11.72804737071675],[-71.9756698605096,11.646626471966716],[-72.25421905541089,11.142976761166478],[-72.2733154302327,11.138476371744686],[-72.35031890928583,11.154182434408844],[-72.44161987277614,11.11799812264571],[-72.44610595672972,11.127994537909563],[-72.4536056518745,11.12563800837094],[-72.50129699743736,11.088330268518499],[-72.53289794937018,10.99139976500402],[-72.56230163560541,10.958600044232577],[-72.58360290548576,10.90610027254089],[-72.61579895012089,10.84959983863987],[-72.67910003672914,10.673700332159372],[-72.7481994628192,10.54520034791003],[-72.83470916739032,10.411782264804842],[-72.8687591553721,10.410279274402448],[-72.9460525513318,10.391071319372653],[-72.98220062279452,10.390800475849607],[-73.0438995355461,10.419899940435377],[-73.07330322238884,10.419500351143727],[-73.09629821834461,10.426500319958322],[-73.11650085424526,10.420800209513757],[-73.18049621546874,10.381199837164765],[-73.18509674017088,10.42570018825582],[-73.19429779091493,10.441399573866486],[-73.21630096484304,10.447799682582186],[-73.21219635051638,10.466300010900785],[-73.19609832804903,10.481200217908862],[-73.19609832766535,10.489299774141884],[-73.1707000726905,10.500800132846054],[-73.14140319882227,10.52840042119486],[-73.125801086761,10.55200004538243],[-73.12809753359612,10.576199531498949],[-73.12239837654417,10.593000411836524],[-73.08281707704381,10.635347366204165],[-73.08571624707848,10.644046783679828],[-73.12201690678855,10.6615467071808],[-73.13581848087175,10.678346634438707],[-73.15431213382821,10.666247367276013],[-73.16641235387182,10.676747322519764],[-73.17731475856313,10.702747345063992],[-73.20681762640231,10.743846893566644],[-73.22871398901482,10.752646446435792],[-73.2494125364259,10.73304653119377],[-73.27421569826052,10.728047371285381],[-73.25871276848929,10.776447296484506],[-73.28231811580841,10.856246948478674],[-73.46720123326911,10.870885848604582],[-73.50178527867503,10.864727973484412],[-73.53388977055953,10.847825049761967],[-73.5900115967958,10.843699455410196],[-73.63500213640644,10.823900222347548],[-73.64070129367299,10.826800346427964],[-73.67829894958668,10.937299728093635],[-73.68409729046391,10.991600036446224],[-73.6707992553655,11.042900085274052],[-73.6829986566893,11.086299896248319],[-73.68009948698838,11.126700401824062],[-73.64730071960024,11.149700165183397],[-73.63809967066942,11.170399665454877],[-73.62190246631135,11.183099746540925],[-73.6127014164761,11.248299598602069],[-73.60469818091025,11.253499984191077],[-73.474403381108,11.250599861264956],[-73.36830139115472,11.25940036751451],[-73.23459625242332,11.345499992384104],[-73.21559906009756,11.381199836168005],[-73.15280151366464,11.420299529843998],[-73.11769866963155,11.453000069090036],[-73.04910278284973,11.486800194245506],[-72.97650146466887,11.553500175866553],[-72.89432525640709,11.564075469494977],[-72.8612594606788,11.58655643478196],[-72.85214996368728,11.619712830136606],[-72.75640106178247,11.694100379470944],[-72.63999938934549,11.725399970959376],[-72.59088897661941,11.749904632598552],[-72.55750274664412,11.746399879900778],[-72.52937316833923,11.77772045131587],[-72.48682403505757,11.784521103293619],[-72.47450256312347,11.769800185586991],[-72.45780181841045,11.77550029736448],[-72.45089721708625,11.785300255321882],[-72.35057067849515,11.832912445362409],[-72.3264007569033,11.867899894776096],[-72.2994003292194,11.881699562531827],[-72.28549957292701,11.878100395280942],[-72.28320312450342,11.921999930803114],[-72.23539733887087,11.986499786216536],[-72.18820190400596,12.090900421736764],[-72.19229888899636,12.156700134027599],[-72.20610046376169,12.18280029294725],[-72.22689819333924,12.193900108856031],[-72.22630310019332,12.200200080401784],[-72.21369934051337,12.207699775860686],[-72.13700103716971,12.20909977016228],[-72.02570343006045,12.231100082205057],[-72.04759979290317,12.180399895104417],[-72.03949737501236,12.132399558562122],[-71.99400329645106,12.139699935635596],[-71.96579742413672,12.174300194283465],[-71.92019653268551,12.180999755884537],[-71.92369842512974,12.197799682513613],[-71.94039917041327,12.210000037963576],[-71.94969940174184,12.226200103690571],[-71.95659637511879,12.249899864615701],[-71.98020172159588,12.265600203966276],[-72.0078964237163,12.260499954698174],[-71.99060058542103,12.281800270587038],[-71.93530273426587,12.320899963231536],[-71.92780303923888,12.336400031675835],[-71.90299987801671,12.346699714365299],[-71.89089965763888,12.358799934935032],[-71.88459777887093,12.352399825940072],[-71.88980102530286,12.322400093322786],[-71.88459777813168,12.294099807232456],[-71.87069702160616,12.298100471538879],[-71.82810211196572,12.330200194874458],[-71.81939697304975,12.342900276561862],[-71.81710052441643,12.362000465808489],[-71.79530334426282,12.381500244013596],[-71.78430175774942,12.37510013579404],[-71.78199768078011,12.361800194192135],[-71.7676010128952,12.347900390199941],[-71.75599670405393,12.351300239711522],[-71.7555007935256,12.377900123821377],[-71.73010253964178,12.377200126986795],[-71.71569824223562,12.39039993323354],[-71.70529937690678,12.405400276579499],[-71.73529815701112,12.400300025926137],[-71.73069763227008,12.421099662607011],[-71.76640319787506,12.416099548647239],[-71.79470062272058,12.399399756993192],[-71.7981033322635,12.408100127808186],[-71.7826004030754,12.420700073628899],[-71.75150299052626,12.433300018388971],[-71.71690368628073,12.436100005666727],[-71.64479827919034,12.431099891948767],[-71.62120056151291,12.423500061415067]]]}},{"type":"Feature","properties":{"DPTO":"47","NOMBRE_DPT":"MAGDALENA","AREA":22846394629.859,"PERIMETER":916642.47,"HECTARES":2284639.463},"geometry":{"type":"Polygon","coordinates":[[[-74.09179687546849,11.327699661651142],[-74.0318984985445,11.330900192292427],[-73.86000061018336,11.253399848424028],[-73.61270141602198,11.248299598722731],[-73.62190246565434,11.183099746573614],[-73.63809966983048,11.170399666116683],[-73.64730072031958,11.14970016427531],[-73.68009948715584,11.126700400986893],[-73.6811981197338,11.069499969979873],[-73.67079925577858,11.04290008603121],[-73.68460082960695,10.984100342374607],[-73.6742019649164,10.919899940710831],[-73.64070129373438,10.826800346824964],[-73.63500213629689,10.823900222858741],[-73.59001159701066,10.843699455369682],[-73.64189910878592,10.801899910278646],[-73.68859863318818,10.779600143742936],[-73.69090270985224,10.771499634210912],[-73.68509674089609,10.760000228628677],[-73.62570190478655,10.763199805807298],[-73.6095962522522,10.757900237759275],[-73.60260009747113,10.747500419808315],[-73.60209655808555,10.731300354470768],[-73.63430023193077,10.685199738069834],[-73.64350128132483,10.65579986622926],[-73.6267013543855,10.514800072096707],[-73.65670013392919,10.503899574616565],[-73.67220306401188,10.47399997669872],[-73.69409942674156,10.449199675971071],[-73.73509979235243,10.443599700501156],[-73.74369812026175,10.43439960431674],[-73.74140167196332,10.412500382000998],[-73.74710082949348,10.4078998561974],[-73.76619720477994,10.411999702731162],[-73.77480316132475,10.398699759920497],[-73.81400299026136,10.38389968886492],[-73.90679931673164,10.379099845900539],[-73.9580993652411,10.338899612957565],[-73.9833984370208,10.304300308290795],[-74.00879669183728,10.248999595220955],[-74.02950286808078,10.238100052130228],[-74.04560089162104,10.202899932309569],[-74.06349945045315,10.201800345958159],[-74.07160186815399,10.187399864708489],[-74.0698013305755,10.172400474987667],[-74.09400177020648,10.136699676378843],[-74.1107025145052,10.066300391900214],[-74.0840988164689,10.006699562025402],[-74.03160095216329,9.957400321969583],[-74.02300262477274,9.931900023825179],[-73.98670196588631,9.911499977282585],[-73.95960235633162,9.88539981858484],[-73.92549896268736,9.823499679857678],[-73.86260223393052,9.773500442824526],[-73.86720275822809,9.732000351524627],[-73.8227996828089,9.651499748116784],[-73.81240081795077,9.617400168872905],[-73.8095016479948,9.58209991498632],[-73.8227996826684,9.572400093018691],[-73.8504028320458,9.574199675918944],[-73.86080169663153,9.580599784559862],[-73.97380065891456,9.57530021664817],[-74.05329895036101,9.581999778549651],[-74.119598388672,9.507800101772437],[-74.15632629340489,9.47710418757355],[-74.14839935255429,9.466899871610991],[-74.08609771691852,9.43190002413861],[-74.04109954862183,9.378000259322564],[-73.99960327098805,9.344400406179197],[-73.96440124513369,9.257599831181938],[-73.98570251453151,9.193499564970427],[-73.90840148944437,9.179900169336193],[-73.8864974978881,9.110500335655004],[-73.83689880352546,9.058899878864233],[-73.8287963863169,9.040399551948276],[-73.83399963402213,9.01439952844161],[-73.86049652153193,8.993200302461956],[-73.87719726568024,8.956800460815513],[-73.90889739989663,8.970299721294506],[-73.95149993921031,8.969300269659296],[-73.97460174537139,8.978599548608086],[-74.020103454266,8.979399681310884],[-74.02420043893014,8.996199607667856],[-74.04440307656532,9.002599716671142],[-74.05300140426294,9.018799781865294],[-74.06970214901231,9.020600319041657],[-74.08300018296023,9.003299713501368],[-74.09510040322512,9.001700401696555],[-74.15039825459155,9.00940036791475],[-74.1475982666613,9.032500266814969],[-74.19599914527443,9.05980014771135],[-74.21269988977625,9.087599754052716],[-74.26349639893165,9.139800071999009],[-74.27960205064886,9.148599624080482],[-74.32289886464659,9.147000312542298],[-74.32689666711832,9.154000282717659],[-74.31079864470597,9.163700104044189],[-74.30899810784216,9.173000335662763],[-74.32119751003378,9.18799972532752],[-74.36380004869571,9.208999633598289],[-74.42489624001593,9.191900253407253],[-74.43240356478633,9.197699547365339],[-74.43190002420296,9.212699889979064],[-74.4607009882918,9.24349975609105],[-74.51599883981719,9.22229957595682],[-74.53389739963161,9.223600388019133],[-74.54080200135664,9.245499611290153],[-74.57369995094724,9.282099723541764],[-74.62390136761412,9.317500114014889],[-74.63999938963627,9.36209964783714],[-74.6682968135618,9.376600265709593],[-74.67980194102213,9.397500038194135],[-74.68679809613036,9.402700423879322],[-74.76570129337614,9.409999847819622],[-74.78250122041133,9.42389965048846],[-74.80899810804425,9.428600310749653],[-74.81590270996601,9.450599670101687],[-74.806701659827,9.527400017301028],[-74.81079864516182,9.541799545877414],[-74.80850219708948,9.55220031734619],[-74.78949737496923,9.569499969113648],[-74.77739715575774,9.600600242975725],[-74.8466033939695,9.690999984646778],[-74.84549713076782,9.705499649152717],[-74.82469940212428,9.741800308317462],[-74.82299804690136,9.761400223156699],[-74.84380340621385,9.804800033147686],[-74.85299682627436,9.81229972799959],[-74.85710144092141,9.840100288195138],[-74.87719726608523,9.859199523697045],[-74.89170074512963,9.906700133784373],[-74.85643005407776,9.95737171193279],[-74.81522369333157,9.977639198797233],[-74.7963027949642,9.998076438814643],[-74.79630279488632,10.023748397446454],[-74.81690979058112,10.04080677004172],[-74.84041595468419,10.082250595414811],[-74.8612136843832,10.099051475671764],[-74.87441253684852,10.105450630416367],[-74.9200134279499,10.105051040630759],[-74.93551635689694,10.110350608674393],[-74.94821166947162,10.119650841002068],[-74.95001220699025,10.130651473729024],[-74.93509674019273,10.20320034023891],[-74.89540100073113,10.31270027119468],[-74.84069824185457,10.405500411592158],[-74.82740020781824,10.453399658711913],[-74.79579925507839,10.500599861049663],[-74.74680328318473,10.548999786653745],[-74.74330139138642,10.562800407435603],[-74.74099731445448,10.585300445264645],[-74.75430297805765,10.621800423132271],[-74.73999786350058,10.7152996060847],[-74.75039672901198,10.789299964867379],[-74.74349975532422,10.85910034202699],[-74.73139953630508,10.882800102085417],[-74.77239990211233,10.922800064551721],[-74.77469635028153,10.970199584581238],[-74.80930328337578,11.017700195424858],[-74.83640289303521,11.040300368919691],[-74.85257720895315,11.072692870987803],[-74.75000000053917,11.04860019694533],[-74.59200286818788,10.979800224281295],[-74.53549957292765,10.961099625034116],[-74.42310333202408,10.95600032831974],[-74.32099914576477,10.974599837858458],[-74.27030181915734,11.01949977876174],[-74.25710296631517,11.038499831588984],[-74.24790191638498,11.113499641104578],[-74.26989746087759,11.209500312503456],[-74.23760223340255,11.241100311737538],[-74.23590087857524,11.250900269106435],[-74.21569824199598,11.264699936237056],[-74.22319793703943,11.279800414694122],[-74.20539855937288,11.303400039287277],[-74.18060302791042,11.298100471187992],[-74.17250061015895,11.318799972014315],[-74.15640258765478,11.312999725566828],[-74.13159942643237,11.325599670868321],[-74.13330078114438,11.339500427430014],[-74.12750244169712,11.326100349541948],[-74.11139679007049,11.320899963259825],[-74.10279846210851,11.34049987792967],[-74.09179687546849,11.327699661651142]]]}},{"type":"Feature","properties":{"DPTO":"50","NOMBRE_DPT":"META","AREA":85389685783.838,"PERIMETER":1680541.812,"HECTARES":8538968.578},"geometry":{"type":"Polygon","coordinates":[[[-71.07990264934175,4.444900036504388],[-71.09780120758887,3.343400002247747],[-71.09519958441443,2.845500707381436],[-71.12280273379771,2.837500095270174],[-71.15170288130808,2.852699994611954],[-71.15399932811462,2.839999913657949],[-71.16660308897282,2.835999965225437],[-71.20410156231576,2.849999905136227],[-71.2351989745696,2.834500073685934],[-71.25939941469643,2.833499908214925],[-71.28939819336303,2.838200092531286],[-71.30439758346587,2.84870004608306],[-71.31189727851324,2.869499922150324],[-71.32399749801893,2.877599954427684],[-71.36840057288585,2.833300113773086],[-71.37239837618675,2.846600055967839],[-71.38169860805667,2.850199938469653],[-71.39089965870072,2.840399980396398],[-71.39550018366614,2.816099882279785],[-71.41850280726476,2.816800117472973],[-71.47619628999286,2.84940004421481],[-71.496398924931,2.826400042063718],[-71.55169677670895,2.834700108337424],[-71.56320190461356,2.826100111373794],[-71.59089660716542,2.823299884463385],[-71.59670257568357,2.811199904110048],[-71.67790222108893,2.807499886397975],[-71.67620086642553,2.826499939853094],[-71.68949890083356,2.829499960507171],[-71.71189880380535,2.818599938641027],[-71.7304000847747,2.823899985120336],[-71.78230285666555,2.858200072947608],[-71.79039764491544,2.83509993639782],[-71.78690338067592,2.81369996020182],[-71.8145980835726,2.822499990448147],[-71.8231964117828,2.810400009564813],[-71.8347015387418,2.806400061012073],[-71.96040344253234,2.789599895399644],[-72.0058975226989,2.769599914037253],[-72.03240203838709,2.792200089005991],[-72.08370208828677,2.797100067388238],[-72.10849762008117,2.808700085251558],[-72.14949798494914,2.856300115585458],[-72.18229675266322,2.833300112735569],[-72.22100067229906,2.828799963852028],[-72.21399688654795,2.775099993044252],[-72.19789886418441,2.742099999832771],[-72.20529937726445,2.728800057740128],[-72.21800231882389,2.728300094707162],[-72.27570343071034,2.77710008606315],[-72.28890228331304,2.771399975060754],[-72.2911987306748,2.751100064110096],[-72.34490203888555,2.753099919023204],[-72.36440277161955,2.74510002133194],[-72.43360137996018,2.689399957729476],[-72.45429992734995,2.679600000861263],[-72.53040313795567,2.681699990761655],[-72.54309845010684,2.650500059720951],[-72.56099700943699,2.636199951568277],[-72.61920165995214,2.635799885078805],[-72.61340332095547,2.620199919625971],[-72.58979797305123,2.601599931905641],[-72.58979797323914,2.591200113000965],[-72.59670257482352,2.583800077739351],[-72.61679840023805,2.583300113563525],[-72.65029907237464,2.597800016783328],[-72.66069793651927,2.596699952941377],[-72.67220306429478,2.56040000941757],[-72.68309783912973,2.551800012120685],[-72.69760131882394,2.595700025128089],[-72.70559692291444,2.602699995649973],[-72.72350311372077,2.602799892394385],[-72.73210144089562,2.599900008110319],[-72.74189758327638,2.560699939907411],[-72.75399780241538,2.550299883012884],[-72.78749847358846,2.562000036065642],[-72.81279754565314,2.583499908331503],[-72.84220123376284,2.58189988040272],[-72.90619659380576,2.546400071111824],[-72.94539642417942,2.522799969156051],[-72.95459747410266,2.492300032649856],[-72.97360229542508,2.488300085837257],[-72.96900177089755,2.476099967572064],[-72.93789672912784,2.455199956914667],[-72.93779754656414,2.444200038099127],[-72.9776000973373,2.452500105194547],[-72.98509979273884,2.449100017488066],[-72.96489715656443,2.388900041710741],[-72.97760009850077,2.390100002393881],[-72.98629760696603,2.413300037790739],[-73.00640106274561,2.424299955121274],[-73.03639984086556,2.403100013204077],[-73.05200195257135,2.401999950011231],[-73.06580352696773,2.413000106097833],[-73.07620239324534,2.411299944799222],[-73.12110137844702,2.364700078352667],[-73.12799835117094,2.365299940884817],[-73.12966156072528,2.380534886747501],[-73.14360046307647,2.387900113718853],[-73.15920257634113,2.385099887141902],[-73.16380310069809,2.381700039141724],[-73.15920257505906,2.372999905606523],[-73.14299774140369,2.357899903553835],[-73.17759704652369,2.349400042601445],[-73.17649841319891,2.370199918634543],[-73.1821975717401,2.37879991572558],[-73.22370147785217,2.368599892403459],[-73.23069763202571,2.384799957038662],[-73.24330139250455,2.381400107860606],[-73.25489807061597,2.366400002941954],[-73.28079986523942,2.357899904905517],[-73.27960205080797,2.348599909817993],[-73.25370025663307,2.349100113515581],[-73.26290130648518,2.332999945372626],[-73.27559661773638,2.341700076900395],[-73.3056030268079,2.324500083497751],[-73.33380127034306,2.322299956817264],[-73.34649658161791,2.327500104433271],[-73.36900329639833,2.310300111680711],[-73.36260223406028,2.335099935088224],[-73.37419891409962,2.34380006745962],[-73.38400268606607,2.342099904878365],[-73.39489746176336,2.328900097876323],[-73.39489746073177,2.317899941467168],[-73.38800048760879,2.311500071580685],[-73.39550018303906,2.305799960553935],[-73.40579986569615,2.306400060814682],[-73.40180206214497,2.325500010589774],[-73.41220092729696,2.330699921365878],[-73.4474029532132,2.32159995949917],[-73.4565963737202,2.365600109757067],[-73.47679901119645,2.361599922239309],[-73.46469879176112,2.332099914535114],[-73.46579742407803,2.319999933535772],[-73.478500366556,2.317699908252944],[-73.49349975541809,2.34139990816108],[-73.53330230723321,2.323100089677082],[-73.54879760821186,2.365400075012128],[-73.57710266023055,2.331399917862609],[-73.60530090311957,2.365600108414768],[-73.61630248957819,2.359899997659517],[-73.62200164886961,2.343100070211948],[-73.64800262460946,2.332900046579719],[-73.64800262382036,2.322999953302809],[-73.63300323396436,2.31660008506991],[-73.66020202569882,1.610900043884768],[-73.73860168399146,1.612900019547342],[-73.7899017325514,1.606199980081372],[-73.89659881607848,1.573199986681393],[-73.98529815751932,1.575799942702392],[-74.04699707020903,1.601500033745092],[-74.06259918225528,1.624099970335398],[-74.09320068345235,1.647300004642106],[-74.14050292896752,1.658499955731206],[-74.1883010865937,1.728600025141601],[-74.22350311203091,1.764000057719531],[-74.2748031616417,1.784999965851604],[-74.4720001221549,1.806599974592464],[-74.50370025681181,1.828099965947618],[-74.54060363854136,1.866999984335756],[-74.58509826699607,1.930699944351576],[-74.63120269862725,2.037800073365934],[-74.63130187927408,2.170000077011084],[-74.66190338151834,2.249900102621359],[-74.67749786353477,2.377599955179706],[-74.67639923016537,2.440599919325207],[-74.69550323455583,2.518599987755733],[-74.67299652014339,2.575700044294232],[-74.6051025393059,2.667799948721607],[-74.60459899816969,2.766599894212781],[-74.6091995231366,2.778800009917398],[-74.66739654583672,2.819400071662911],[-74.72329711852777,2.843899965279606],[-74.76490020704078,2.872999907034265],[-74.81449890230421,2.897500037823068],[-74.87380218554306,2.916800023058624],[-74.92060089111362,2.944099903511402],[-74.90160369891596,2.986200093383908],[-74.85369873021345,3.035700081926815],[-74.84570312562214,3.056400060711347],[-74.80650329672842,3.081700087113089],[-74.72930145277225,3.115400075247605],[-74.71029662997704,3.187000037064124],[-74.67569732575583,3.219799995025273],[-74.63600158597578,3.273900032385997],[-74.6232986441225,3.313699960120423],[-74.62220001283406,3.448899984639743],[-74.6165008550376,3.477099895819737],[-74.55999755929872,3.560100078354335],[-74.52089691075916,3.636699914836606],[-74.51689910901682,3.665600061994497],[-74.49780273381414,3.654599904812839],[-74.48110198926024,3.655600070019524],[-74.44999694851394,3.664700030597695],[-74.43789672799545,3.675699949860166],[-74.4171981816854,3.726999997995446],[-74.32959747405059,3.820199966739331],[-74.3273010254277,3.868099927816274],[-74.27610015923783,3.917000055541017],[-74.23860168502405,3.985599995188669],[-74.21559906093985,4.003399849273381],[-74.1752014164513,4.006100177952995],[-74.11409759616204,4.020899773476569],[-74.0852966313199,4.039800166690529],[-74.03919983004387,4.088699817567171],[-73.92910003592456,4.100399971538485],[-73.83689880315482,4.150300026365885],[-73.7642974848127,4.200200080992503],[-73.76779937690458,4.221000194717244],[-73.79149627729743,4.248899936154209],[-73.81050109884998,4.352900028164391],[-73.83529663157944,4.376100063690394],[-73.8233032226022,4.415900229564368],[-73.7558975225988,4.486700057621499],[-73.72360229454438,4.505000115073672],[-73.70970153842124,4.503200054080033],[-73.6831970219335,4.467299937466768],[-73.66819763227323,4.47529983467753],[-73.65670013347463,4.464900015909495],[-73.63590240530392,4.456099986635961],[-73.62380218597056,4.45959997265239],[-73.6035995481281,4.44560003332282],[-73.60420227073797,4.426599978808354],[-73.61377716001266,4.407259464223346],[-73.60820007290573,4.377500057886501],[-73.57820129445675,4.331099987288972],[-73.57129669099803,4.299900055198171],[-73.57420349160957,4.284900188014054],[-73.5516967769644,4.263999938931645],[-73.52110290438469,4.259300232253463],[-73.4548034667694,4.265299797427552],[-73.4161987301853,4.284800053577521],[-73.32910156159897,4.261400223417269],[-73.25189972008991,4.248899935962722],[-73.1815032963103,4.204699993819853],[-73.14579772962679,4.190700054707589],[-73.07230377281095,4.66639995577858],[-73.04570007337149,4.634500026848038],[-73.00250244060155,4.562699794107933],[-72.93319702230293,4.47520017546754],[-72.87729644808644,4.418300151164577],[-72.86979675323039,4.397500038057689],[-72.84899902263307,4.395699977424866],[-72.84960174634526,4.373099804250758],[-72.81330108605944,4.365499974017368],[-72.82360076851667,4.347599983901825],[-72.80809784020482,4.330800055960358],[-72.81379699769586,4.323299885436567],[-72.78099822949791,4.305300235833875],[-72.7677001947859,4.265900135249536],[-72.72499847399456,4.247300148701156],[-72.71060180733868,4.270299912304347],[-72.65529632542538,4.275300026009708],[-72.63629913243909,4.282700061282629],[-72.59529876660727,4.27209997267032],[-72.5631027227552,4.315299987765078],[-72.52159881497653,4.307600020877305],[-72.49330139167807,4.287300110162768],[-72.48290252663233,4.287300109288232],[-72.46510314991686,4.309100151515016],[-72.41719818055111,4.299099922189202],[-72.4011001583502,4.301899909736672],[-72.3319015499335,4.359399795769876],[-72.26219940157685,4.390299797357142],[-72.10140228255104,4.398900031727372],[-72.07140350356761,4.346799851422771],[-72.06159973230454,4.34560012748985],[-72.04599761980637,4.346099854230574],[-72.02819824259778,4.359899996899822],[-71.98380279634844,4.3666000357733],[-71.9589996341923,4.385000229160855],[-71.9411010737284,4.418399811425879],[-71.91120147653422,4.441999911297788],[-71.84259796125926,4.516200066232163],[-71.81320190377136,4.5328001972021],[-71.7238998413836,4.556700229320263],[-71.67780303907098,4.583099842378714],[-71.64089965856115,4.5939002045329],[-71.594200134045,4.622000217570095],[-71.57350158635633,4.648499965253063],[-71.50949859523683,4.674799918633378],[-71.42939758324195,4.697599888093123],[-71.3567962646239,4.734799861910687],[-71.19490051247975,4.796500206194492],[-71.08540344238784,4.860199927522856],[-71.07489776610707,4.672399997409624],[-71.07990264934175,4.444900036504388]]]}},{"type":"Feature","properties":{"DPTO":"52","NOMBRE_DPT":"NARIÑO","AREA":33283045970.747,"PERIMETER":1015680.966,"HECTARES":3328304.597},"geometry":{"type":"Polygon","coordinates":[[[-77.98359680174944,2.577399968856929],[-77.96980285667073,2.550199985786326],[-77.77480316170914,2.32179999399937],[-77.76899719292052,2.274399995841095],[-77.74880218526263,2.253000021123411],[-77.6784973147289,2.208800077117952],[-77.6299972538074,2.188400029970782],[-77.50610351580853,2.192500114296591],[-77.47209930458244,2.199300051164398],[-77.44380188024705,2.213000059459551],[-77.40000152558987,2.211699962265679],[-77.38210296631078,2.184499979278609],[-77.36360168505946,2.089600085691301],[-77.34120178229371,2.084899901827276],[-77.33370208703852,2.087800025558657],[-77.32330322213478,2.10850000355117],[-77.30429840045234,2.108500004064642],[-77.2921981815824,2.08590006866905],[-77.28749847380698,2.009000062448695],[-77.24079895026712,1.960899949571051],[-77.24079895070295,1.936599969760598],[-77.24250030511053,1.92449998882898],[-77.26149749810847,1.910699963527948],[-77.27590179448205,1.883100032589973],[-77.30529785198445,1.862400055175364],[-77.32720184359991,1.820899963686065],[-77.32479858364165,1.749300003192727],[-77.33750152573322,1.721600055434873],[-77.36460113503657,1.692199945251512],[-77.36399841361973,1.683599949427779],[-77.35299682608421,1.67369997491388],[-77.29879760779316,1.665400028359582],[-77.27694702167527,1.671619295816304],[-77.2670974735171,1.66120004694166],[-77.25209808320533,1.66059994737064],[-77.23770141649113,1.670899987591041],[-77.21119689986779,1.670799970411194],[-77.18759918258664,1.678799986470189],[-77.12129974322254,1.675099968591745],[-77.09819793676414,1.685899972914547],[-77.06539916981737,1.689299940806287],[-77.07399749807269,1.698500037402616],[-77.06079864445844,1.712299942453693],[-77.04699707015158,1.716300010130792],[-77.00949859573238,1.69830000429945],[-76.91089630092006,1.630800008947579],[-76.83650207527808,1.596500038701463],[-76.82029724168338,1.569200038982989],[-76.81970214885843,1.518399954063427],[-76.86640167235268,1.424999952487737],[-76.83869934036974,1.382699966969885],[-76.83399963406127,1.357900023811582],[-76.83399963370786,1.338799953981748],[-76.85189819379463,1.311800003316046],[-76.96540069610774,1.242900014076091],[-77.09570312481526,1.205899953826251],[-77.11350250215389,1.185799956532121],[-77.11170196587899,1.082900047539765],[-77.09439849863337,0.958100020638564],[-77.10420227015231,0.964500009776437],[-77.09839630151401,0.924600005235152],[-77.07879638714276,0.883499979524582],[-77.06150054895244,0.867299973583923],[-77.06719970660554,0.833800017702129],[-77.06430053751559,0.805499971345014],[-77.03079986545515,0.661499976902248],[-77.12359619152181,0.633599996697109],[-77.14379882808086,0.634800016657452],[-77.1604995732704,0.624499976920844],[-77.13449859661718,0.582199990571708],[-77.1472015385638,0.555100023782325],[-77.1505966187777,0.529699981301032],[-77.10790252684242,0.447499990606583],[-77.11370086727997,0.416999995372828],[-77.10620117205066,0.390899985841524],[-77.11360168473298,0.359200000766294],[-77.17990112359024,0.357699990681094],[-77.23760223411648,0.336600005626353],[-77.28079986552082,0.343100011640787],[-77.35859680141569,0.375200003197242],[-77.39320373538881,0.368499993740983],[-77.40820312531972,0.353500008258152],[-77.43530273452042,0.352499991894764],[-77.44799804699258,0.359400004156325],[-77.4796981807743,0.421999991425794],[-77.49469757099085,0.437599987278289],[-77.52300262468759,0.488599985265677],[-77.53050231907842,0.536000012883691],[-77.52020263692472,0.590799987825688],[-77.54840087945178,0.625599979988885],[-77.65450286891972,0.665300011925421],[-77.6988983150513,0.708199977378158],[-77.70300292961007,0.733699977341888],[-77.67939758299114,0.797699987488365],[-77.6909027097366,0.825399995020596],[-77.70760345444836,0.83710002885063],[-77.73711395316253,0.836718618842725],[-77.79350280774776,0.827000021409546],[-77.91860198921744,0.786499977320835],[-77.99120330854942,0.794399977212607],[-78.02120208692136,0.806599974335284],[-78.12329864485957,0.879800022091419],[-78.16539764342716,0.901899993421836],[-78.21499633809118,0.948400020160508],[-78.24500274630302,0.962899983161495],[-78.29859924351122,1.018599986477831],[-78.32510375930842,1.028499961097831],[-78.38680267325961,1.03629994446243],[-78.40589904741289,1.047899961469865],[-78.42369842552327,1.08319997823784],[-78.52349853524218,1.17840003976015],[-78.57140350366194,1.191900014648483],[-78.58750152613504,1.188500047187856],[-78.63819885214907,1.19679999366883],[-78.66940307577295,1.23099994655924],[-78.69020080549383,1.265699982929655],[-78.72010040203254,1.266399979370427],[-78.758796691519,1.326699972605998],[-78.83779907145417,1.388800024726375],[-78.90529632583724,1.452100038944122],[-78.91510009678724,1.464200020251812],[-78.91169738734648,1.487900019078264],[-78.93409728978517,1.492599963938946],[-78.95659637442158,1.48399996734474],[-78.96869659367024,1.517600060061431],[-79.06040191565658,1.58959996726236],[-79.0714035032188,1.606400012717609],[-79.07309722892839,1.643900036388335],[-78.94529724099627,1.791900039040651],[-78.92340087822271,1.827000022462836],[-78.90550231897822,1.820000052063206],[-78.87609863231663,1.823300003425127],[-78.79370117111519,1.810299992932187],[-78.76940155026709,1.800400018386964],[-78.66909789980589,1.794199943517022],[-78.65879821719543,1.78489995008653],[-78.61959838849143,1.789299964641982],[-78.60919952376196,1.796200037134117],[-78.60340118338067,1.812999964073183],[-78.61090087866197,1.833199977646341],[-78.60399627635141,1.84650003851903],[-78.61100006124838,1.862699985528973],[-78.59889984079545,1.891499996128227],[-78.60060119578878,1.904199958289174],[-78.60870361277607,1.919299960682365],[-78.64150237972501,1.921100020971331],[-78.6404037475581,1.998499989991654],[-78.65540313699344,2.026900053530059],[-78.66929626391334,2.03620004643317],[-78.7182998655772,2.02480006159856],[-78.7235031121485,2.045099973492818],[-78.7136993401779,2.089499950613344],[-78.71199798556334,2.146100043735678],[-78.6918029786002,2.137399912435998],[-78.67340087919777,2.138499975720006],[-78.61979675289716,2.152100086155233],[-78.60769653346688,2.222500086351475],[-78.63539886429201,2.221999883940132],[-78.64630126902183,2.230200051747284],[-78.65560150173145,2.284499883460968],[-78.67230224616438,2.327899932410636],[-78.66539764363135,2.361399888750275],[-78.62049865698555,2.429899931108455],[-78.62110137972319,2.45880007753847],[-78.60669708265878,2.481899976705108],[-78.5249023431094,2.527100086319147],[-78.48459625176083,2.580100059234242],[-78.46440124489295,2.592700004585913],[-78.44650268515674,2.582299948272206],[-78.44129943781532,2.548700094332712],[-78.41819763171158,2.525000095118564],[-78.40260314878434,2.489099978840663],[-78.38009643588677,2.458400011601389],[-78.3910980223374,2.495399952084831],[-78.38189697209833,2.524199962932731],[-78.38310241711024,2.553699969975485],[-78.36519622768456,2.581399917914439],[-78.35079956040987,2.583600044032475],[-78.34390258793788,2.571399927543499],[-78.34500122107247,2.549499988262572],[-78.33350372342673,2.552299975833543],[-78.31849670364076,2.582299948294928],[-78.27420043952782,2.623100042130131],[-78.26439666730674,2.658900022829962],[-78.22290039087332,2.677799939647588],[-78.18199920596432,2.677599906788848],[-78.15950012251058,2.615200043048847],[-78.14959716821208,2.606400012595859],[-78.14559936573829,2.564800024291669],[-78.1092987064375,2.59010005017951],[-78.04019927987088,2.679899930951112],[-78.02505493154959,2.666071892184624],[-78.0152969357044,2.625499963605884],[-77.98359680174944,2.577399968856929]]]}},{"type":"Feature","properties":{"DPTO":"54","NOMBRE_DPT":"NORTE DE SANTANDER","AREA":21443330911.239,"PERIMETER":914288.244,"HECTARES":2144333.091},"geometry":{"type":"Polygon","coordinates":[[[-73.01779937758918,9.133999824650305],[-73.02239990241219,9.124199867249091],[-73.01779937760261,9.117300033940662],[-72.96820068338346,9.069100380016733],[-72.94570159968154,9.083499908166715],[-72.9215011599123,9.09029960572911],[-72.90480041450347,9.087900161539823],[-72.8632965090035,9.108599662646968],[-72.83899688761387,9.091699600485171],[-72.83619689886842,9.073800087522297],[-72.80789947467953,9.068499564907796],[-72.69000244091099,8.589099884036322],[-72.65260314949315,8.580900192327274],[-72.42990112294878,8.328700066044973],[-72.42120361387934,8.281900405810251],[-72.42350006158048,8.23330020941169],[-72.4131011968709,8.213100432757031],[-72.41480255114661,8.178999900598425],[-72.40730285584455,8.164500235919672],[-72.41480255164078,8.066399574629953],[-72.40670013462199,8.026499748624065],[-72.40840148884229,7.994699954432165],[-72.42449951168757,7.965300083149052],[-72.45099639941166,7.960199832750603],[-72.48159789997955,7.918799877107943],[-72.50810241656977,7.902100085862519],[-72.50229644719744,7.871500014818506],[-72.49189758339962,7.868000030566634],[-72.48090362585256,7.832699775929586],[-72.52290344203524,7.705800056807029],[-72.51650237991767,7.583300113574655],[-72.49859619178147,7.540500163523419],[-72.51470184291958,7.488599777089119],[-72.48130035436223,7.450900078029799],[-72.45819854740118,7.385499953916721],[-72.39129638635436,7.36040020004194],[-72.26740264897225,7.378399849169443],[-72.24369812028311,7.370800018354898],[-72.21489715617105,7.348700045965908],[-72.1993026735552,7.349199771790837],[-72.21080017035781,7.295000076738359],[-72.21019744855379,7.248199939180939],[-72.09020233159545,7.014900207811738],[-72.13059997504942,7.024899959275808],[-72.18589782731247,7.015299797240371],[-72.21299743621819,7.027500152986283],[-72.21929931689421,7.02580022794529],[-72.24700164843695,6.979700088878786],[-72.2741012567397,6.9654002187086],[-72.28620147649434,6.964300155532895],[-72.28440093941884,6.983900070427744],[-72.29019927968581,6.992599964722257],[-72.307502747046,6.992700099514056],[-72.31790161099833,6.984099864844879],[-72.34439849796047,6.922999858535572],[-72.37090301546178,6.887300014235449],[-72.42330169713603,6.857399940492012],[-72.46019744857382,6.86280012148716],[-72.51840209908347,6.892499923969275],[-72.58470153839906,6.886400222709677],[-72.58879852345284,6.900300026406118],[-72.57499694847867,6.940700054078097],[-72.60669708228104,6.982399940958693],[-72.67299652096598,6.979199886221939],[-72.69029998816953,6.96999978985096],[-72.71099853533111,6.970099925940878],[-72.71620178226263,6.988100051895485],[-72.7750015263488,6.990600108747591],[-72.7946014408967,6.997600078054748],[-72.82060241705588,7.014500140815349],[-72.82520294223917,7.028399944401877],[-72.872497558003,7.033199786875988],[-72.90709686291332,7.056399822735522],[-72.86679840058268,7.15910005571924],[-72.87950134277307,7.179399967167926],[-72.88120269796313,7.198400020269969],[-72.90309906018273,7.221600056022472],[-72.90769958555786,7.236700057569625],[-72.89849853510177,7.267199992915415],[-72.86679840045255,7.298299789959517],[-72.86399841294504,7.316199779838534],[-72.87887573187668,7.337939262512054],[-72.90029907188888,7.34980010970769],[-72.9331970217798,7.409500122386958],[-72.94069671671485,7.44589996357334],[-72.95510101290698,7.467899799161512],[-72.99549865734137,7.497499943330802],[-73.02149963403843,7.545000076166481],[-73.03079223658465,7.603397369421113],[-73.0492019649295,7.614999770603824],[-73.06359863294135,7.615099907091938],[-73.08950042698851,7.598400116069835],[-73.15059661808417,7.604499817196213],[-73.17310333202857,7.59649991931968],[-73.19560241756801,7.606999873833114],[-73.2630004883764,7.599699974338844],[-73.28089904827392,7.581900119910346],[-73.284896850403,7.548999786920134],[-73.31490325875842,7.517399787312214],[-73.33560180674777,7.518599986988789],[-73.40370178169329,7.547200202420219],[-73.42336273169852,7.562487125339607],[-73.45269775333081,7.554900169564704],[-73.4768981932718,7.557899952489724],[-73.53739929190313,7.581299781320799],[-73.561096191867,7.625800132909227],[-73.58239746147096,7.64270019571826],[-73.61009979221838,7.684400081393091],[-73.64988708490529,7.708443164331064],[-73.64469909636578,7.715700150115057],[-73.60150146478085,7.719600200608774],[-73.53919982865611,7.691599845340206],[-73.5081024171531,7.684500217221157],[-73.43370056187571,7.694600105195709],[-73.42910003639385,7.721700191834005],[-73.41929626433586,7.737299918760477],[-73.36810302703378,7.794300079369878],[-73.37500000024825,7.87519979536909],[-73.3657989500799,7.884900093139731],[-73.31620025619394,7.90089988686313],[-73.30359649671786,7.936699866871374],[-73.30709838896878,7.959199905275299],[-73.32730102495589,7.998600005762877],[-73.35489654546355,8.015399932675333],[-73.41139984174787,8.035300254946826],[-73.41719818058662,8.08619975997718],[-73.4050064086105,8.098183631629352],[-73.4328002927239,8.122599602068528],[-73.42710113563743,8.14570045479047],[-73.43509674055503,8.159600257586145],[-73.42539978055248,8.19880008659896],[-73.4051971436076,8.222399711163824],[-73.40640258842691,8.248399734505597],[-73.38099670385841,8.288800240072609],[-73.36609649704673,8.367300033496255],[-73.36100006100037,8.371212006157291],[-73.36959838851824,8.414099693094967],[-73.43305969264367,8.426668166930279],[-73.43699645936701,8.403900146551832],[-73.4197006225062,8.37040042855002],[-73.42659759556588,8.341500282470786],[-73.46579742384155,8.304699897809375],[-73.48020172162049,8.307100295594596],[-73.49349975626178,8.338899612884958],[-73.52120208702662,8.361000061551634],[-73.52349853568835,8.370800018163745],[-73.49469757088572,8.41749954228925],[-73.49639892626784,8.450400352001378],[-73.48889923119178,8.471699714101181],[-73.4963989259668,8.479900359920656],[-73.51080322263036,8.468400000999637],[-73.52239990185174,8.470700264577792],[-73.52870178227666,8.494400024863054],[-73.55059814440722,8.50259971670996],[-73.55930328415637,8.540800095047285],[-73.54779815635598,8.598500251440209],[-73.55190277144,8.629699706532676],[-73.5473022457341,8.642999649553454],[-73.51670074478864,8.660699844879481],[-73.50460052546666,8.67630004916554],[-73.47059631390199,8.689399718686964],[-73.4769973760065,8.715999603395744],[-73.44699859642105,8.74999999998654],[-73.43609619184957,8.786299705128043],[-73.45169830358796,8.963700294120699],[-73.43789672796876,9.005299568004984],[-73.42649841313312,9.086099624270291],[-73.42700195345088,9.1247997289817],[-73.39250183078353,9.133899688747372],[-73.37110137997831,9.148799895785139],[-73.33139801021167,9.150400161450252],[-73.30999755881311,9.135800361305446],[-73.29329681392409,9.13350009933486],[-73.23449707043311,9.149999617971488],[-73.17060089057274,9.19589996289496],[-73.12680053737648,9.20730018655051],[-73.10430145229317,9.245300292611335],[-73.07720184297527,9.26140022325158],[-73.05190277052212,9.266500473021148],[-73.03510284453768,9.23289966605312],[-73.02130126929517,9.224200248184577],[-73.01899719278359,9.187800407159049],[-73.0080032349792,9.163999556992911],[-73.01779937758918,9.133999824650305]]]}},{"type":"Feature","properties":{"DPTO":"63","NOMBRE_DPT":"QUINDIO","AREA":1732025801.293,"PERIMETER":207948.857,"HECTARES":173202.58},"geometry":{"type":"Polygon","coordinates":[[[-75.67209625250217,4.6946001052791],[-75.57869720460597,4.687799930559097],[-75.5447006224378,4.674399852661768],[-75.50150299085655,4.670199871111365],[-75.46279907227583,4.680399894835551],[-75.41960906979739,4.702723026240006],[-75.40809631349612,4.695199966300973],[-75.40869903554095,4.678999900796974],[-75.38040161126553,4.66450023640428],[-75.37349700940364,4.645400047360482],[-75.47720336921142,4.570700168741222],[-75.48809814456847,4.573100090130923],[-75.51519775394797,4.55760002139171],[-75.56020355227507,4.508100032715115],[-75.57920074453989,4.464900016686077],[-75.60800170909037,4.420499801733048],[-75.60790252690434,4.404300212803294],[-75.62409973133225,4.363399982521425],[-75.6280975342827,4.314300060270124],[-75.63359832752384,4.311936855227242],[-75.63040161139925,4.303899765029167],[-75.68280029301565,4.197899818316934],[-75.71959686270294,4.143099784850635],[-75.7587966918562,4.136400222840672],[-75.78479766833792,4.1560997964117],[-75.80269622811393,4.19780015950079],[-75.8067016602515,4.231900215143225],[-75.82689666738067,4.277599811636753],[-75.82409667975669,4.365399837414265],[-75.83619689928855,4.391399860324336],[-75.8650970458921,4.425099849814323],[-75.87599945067119,4.469600200774567],[-75.87200164783025,4.523300170963124],[-75.90200042716374,4.592100143542384],[-75.8973999022691,4.614099979377514],[-75.87960052476221,4.622700214520802],[-75.74410247816873,4.629600047991844],[-75.73950195308757,4.668300151839866],[-75.745903015072,4.708700180053866],[-75.67209625250217,4.6946001052791]]]}},{"type":"Feature","properties":{"DPTO":"66","NOMBRE_DPT":"RISARALDA","AREA":4042733125.761,"PERIMETER":436988.677,"HECTARES":404273.313},"geometry":{"type":"Polygon","coordinates":[[[-75.88650512699282,5.475137710532927],[-75.88870239265516,5.429599761979095],[-75.90360260026797,5.370200157029243],[-75.89499664299622,5.352799892480567],[-75.84020233142833,5.363599777244886],[-75.81079864496739,5.378499984700807],[-75.73359680197346,5.381000041974281],[-75.71450042740977,5.331900119576309],[-75.6781997681604,5.325900077667719],[-75.6995010373758,5.304100036582071],[-75.70760345459117,5.275199890095794],[-75.73470306383194,5.25220012666418],[-75.75659942633084,5.249400138692959],[-75.80269622799095,5.275599956432161],[-75.86730194097922,5.273600101347483],[-75.84880065931831,5.196100234992461],[-75.87699890143078,5.151199817648455],[-75.88559722896544,5.112500190932113],[-75.9029006958404,5.107999801586311],[-75.91850280763086,5.12480020539684],[-75.93979644774035,5.12260007870148],[-75.95310211186528,5.112800121360261],[-75.95389556901392,5.033854007864504],[-75.94210052481087,5.020899772856254],[-75.92130279548893,4.954999923824105],[-75.90055084235934,4.944450378487415],[-75.90679931655555,4.920800209038023],[-75.87740325942866,4.914899825978761],[-75.81169891349062,4.917500019231142],[-75.81870269766075,4.937200069327401],[-75.84169769273652,4.952899932628096],[-75.83249664298212,4.970799922975297],[-75.8313980104633,4.989799976410725],[-75.78410339336575,5.03240013134991],[-75.76159667985554,4.994200229605618],[-75.75759887693076,4.953100204293605],[-75.74780273428607,4.934599876613822],[-75.72299957273636,4.921800136496513],[-75.69699859627949,4.922299861984563],[-75.68840026832618,4.928599834237707],[-75.68840026835133,4.957499980759662],[-75.67859649637498,4.95909976973077],[-75.66190338157752,4.954999923696346],[-75.65090179464237,4.934199809881603],[-75.63880157448207,4.926599979576236],[-75.54830169672819,4.921100139839661],[-75.51889801034973,4.910500049747591],[-75.49749755882688,4.891399860312693],[-75.47499847403559,4.862400054899893],[-75.43060302738274,4.827000141305328],[-75.42140197776993,4.802700042602321],[-75.41329956051729,4.805500030571696],[-75.41680145274563,4.796899795702747],[-75.41100311279375,4.769700050561603],[-75.4196090699168,4.70272302642963],[-75.46279907242679,4.680399894718302],[-75.51699829124193,4.670199871101284],[-75.57869720474677,4.687799930553741],[-75.68769836449356,4.695199966258302],[-75.75340270980335,4.710499763548352],[-75.8155975340326,4.713699817856114],[-75.850799560324,4.724800109807932],[-75.87909698474125,4.722599983104021],[-75.88999938980865,4.765999793813769],[-75.89869689923727,4.767700195470504],[-75.93379974356877,4.751699924274932],[-75.94879913332366,4.752299785386788],[-75.9580993650652,4.761000156532539],[-75.95690155035857,4.773200035134366],[-75.96730041514076,4.796899795425084],[-75.94999694845225,4.821700096348056],[-75.94889831556263,4.859799861795996],[-76.00540161120855,4.850800037276265],[-76.01860046379534,4.869299888562971],[-76.01290130627116,4.879700183784394],[-76.01750183092739,4.895299911496792],[-76.0560989382162,4.923799991733784],[-76.06770324722139,4.960199833027375],[-76.0838012695553,4.973599910805874],[-76.1772003173564,4.963500022986383],[-76.21929931636824,4.987999915926563],[-76.24990081808426,5.025700092193572],[-76.26899719250876,5.104300022354377],[-76.2897033693152,5.145999908290722],[-76.32900238019377,5.207399845005074],[-76.35839843730484,5.233500003745712],[-76.35500335717263,5.277400016546482],[-76.31520080587084,5.289899826199109],[-76.30650329590617,5.298500061167107],[-76.30139923094667,5.323400020630971],[-76.27660369858039,5.349199771935839],[-76.16359710679185,5.395599842043895],[-76.11519622822432,5.443299770558608],[-76.017303466865,5.471799850597637],[-75.88650512699282,5.475137710532927]]]}},{"type":"Feature","properties":{"DPTO":"68","NOMBRE_DPT":"SANTANDER","AREA":30290221671.891,"PERIMETER":1036566.662,"HECTARES":3029022.167},"geometry":{"type":"Polygon","coordinates":[[[-73.80014038063058,8.115025520797857],[-73.78849792532908,8.11660003699875],[-73.78849792535307,8.107899666053886],[-73.80059814438339,8.071000098617482],[-73.77580261179438,8.043800354187452],[-73.75559997604185,7.997499942932276],[-73.75839996287881,7.96460008584576],[-73.75090026911862,7.951799869842288],[-73.7341995242351,7.947100162809072],[-73.70819854675976,7.924499988470565],[-73.7048034671029,7.913499832413017],[-73.70709991395435,7.897900104226618],[-73.73069763146809,7.865099906661031],[-73.73699951186464,7.840300083313386],[-73.76470184358257,7.808100223867997],[-73.76930236769394,7.794799804677108],[-73.76059722878553,7.770500183058951],[-73.77850341740731,7.747499943220216],[-73.77850341806356,7.722000122501203],[-73.64299774158205,7.707600116462983],[-73.61009979237546,7.684400081885649],[-73.58239746134015,7.642700195501282],[-73.56109619096954,7.625800132646701],[-73.53739929202101,7.581299782396314],[-73.47689819354815,7.557899951819675],[-73.45269775415598,7.554900169003115],[-73.42336273247489,7.562487125688321],[-73.40370178236444,7.547200203476863],[-73.33560180684925,7.51859998743318],[-73.31490325891437,7.517399788084047],[-73.28489685100114,7.548999786480422],[-73.28089904796924,7.581900120015501],[-73.26300048868802,7.59969997378851],[-73.19560241751707,7.606999874479333],[-73.17310333203795,7.59649992024849],[-73.15059661805451,7.604499817428997],[-73.0895004270127,7.598400115839267],[-73.06359863241444,7.615099906698388],[-73.04920196593574,7.614999771278353],[-73.03079223669313,7.603397369316781],[-73.02149963374282,7.545000075923041],[-72.99549865720142,7.497499943191147],[-72.9551010127126,7.467899799116866],[-72.94069671635563,7.445899963499871],[-72.93319702192466,7.40950012214399],[-72.90029907274942,7.349800110323224],[-72.87887573234721,7.3379392622702],[-72.86399841348155,7.316199779766796],[-72.8667984009496,7.298299789829786],[-72.89849853539062,7.267199993360178],[-72.9076995849496,7.236700057949631],[-72.90309906001261,7.221600056062814],[-72.88120269808675,7.198400020506845],[-72.8795013424119,7.179399966605806],[-72.86679840096133,7.159100056008063],[-72.9070968629041,7.056399822036913],[-72.87249755902884,7.033199787536443],[-72.82520294174827,7.028399944449346],[-72.82060241667443,7.014500141414737],[-72.79460144029557,6.997600079107872],[-72.77500152545144,6.990600108646102],[-72.71620178271823,6.988100052236859],[-72.71099853472474,6.970099925779247],[-72.69029998725833,6.969999789819858],[-72.67299652048088,6.979199886569366],[-72.60669708227695,6.98239994011961],[-72.5749969481361,6.940700053709842],[-72.58879852245578,6.900300026333943],[-72.5847015377019,6.886400223313551],[-72.55760192831677,6.886300086882006],[-72.5310974121153,6.894299983508501],[-72.53459930372983,6.871799945904547],[-72.52649688687217,6.854400157879361],[-72.51609802276374,6.781000137284148],[-72.52809905989784,6.671299934446142],[-72.52580261192975,6.62099981351676],[-72.5274963375244,6.611199855410483],[-72.55460357645043,6.586500167310998],[-72.5700988763609,6.550799846535966],[-72.56369781538955,6.481999874304696],[-72.56783294684347,6.470466137399548],[-72.59429931620987,6.463600159074644],[-72.64330291731004,6.419400215287638],[-72.68530273489878,6.412600040645039],[-72.72689819379644,6.465400219008626],[-72.74880218472848,6.522099971776596],[-72.80190277154574,6.566800117034875],[-72.81680297815006,6.547800064516816],[-72.83300018270197,6.544899940368901],[-72.83869934108205,6.536900043052161],[-72.82779693556907,6.510799885362535],[-72.77819824202754,6.456900119316244],[-72.75679779061187,6.423299789134481],[-72.76370239232602,6.363800048397564],[-72.78730010954675,6.292300224345496],[-72.78379821755036,6.265200138052327],[-72.78900146543812,6.231100082991034],[-72.81150054914636,6.198800087083264],[-72.83329772914523,6.184500217869349],[-72.85520172176685,6.156300067548695],[-72.88230133009617,6.138500213613977],[-72.91979980433256,6.098800182227003],[-72.93820190471442,6.067699909371803],[-72.9796981815062,6.032599925561471],[-73.01309967100215,5.974999904072896],[-73.05169677773655,5.952600002600569],[-73.08920288089179,5.95109987209509],[-73.12550353961042,5.95809984246979],[-73.1559982304448,5.956500053689985],[-73.18949890194308,5.969399929373253],[-73.20680236820942,5.965400219266068],[-73.2367019648791,5.977099895869425],[-73.26609802213797,5.901500224544763],[-73.28739929191327,5.886000156010866],[-73.30239868141358,5.850900172955974],[-73.33350372297181,5.83830022837757],[-73.3750000001635,5.834400176931729],[-73.38770294143241,5.824100017282323],[-73.39689636203882,5.78480005302472],[-73.42970275854029,5.740499972978514],[-73.44699859624585,5.751500129524876],[-73.4615020747509,5.789100170124174],[-73.47640228254772,5.797299861708267],[-73.49780273495499,5.845300197758286],[-73.48169708292555,5.842400073907341],[-73.46752166755566,5.866692066002036],[-73.45110321097367,5.875699997543424],[-73.40280151400208,5.968500137230473],[-73.44080352767756,6.045499801436432],[-73.5014038082924,6.072899818307252],[-73.51349639925849,6.089700221932979],[-73.5330963131552,6.094399929412442],[-73.5792007451456,6.009099960141461],[-73.60390472397837,5.989698886301151],[-73.63040161174922,5.946400164998521],[-73.6304016113005,5.912300109589833],[-73.63790130620357,5.894999980419474],[-73.62519836458807,5.859700202850232],[-73.62519836365696,5.840099811651331],[-73.63150024385347,5.834899902654595],[-73.63960266061977,5.802000045676179],[-73.63719940214298,5.743700027992686],[-73.65910339374489,5.712600231707405],[-73.67639923079575,5.705699920654216],[-73.69599914538449,5.719099998429956],[-73.71559905989204,5.751500130052355],[-73.76699829060843,5.761499882150161],[-73.82230377241831,5.735799789835274],[-73.85340118373435,5.737100124576306],[-73.8822021489681,5.729700088826171],[-73.89430236804658,5.70889997487351],[-73.90299987749465,5.706099986699275],[-73.91390228279606,5.72060012791128],[-73.99810028053786,5.722099781422664],[-74.00959777776694,5.727900027841711],[-74.01020050013058,5.749300002722391],[-74.02749633805234,5.763199805743716],[-74.02749633729746,5.778200150062963],[-74.04019928002681,5.7898001674405],[-74.10710143983286,5.799399852586444],[-74.11109924372654,5.832300186298115],[-74.1353988650479,5.851500034395742],[-74.17569732724786,5.860300064593244],[-74.2027969362027,5.881199836813139],[-74.22409820532282,5.84840011551033],[-74.25060272156979,5.835800170344391],[-74.26049804680049,5.859499930907918],[-74.26110076964505,5.920700073353653],[-74.2875976561358,5.933499812532778],[-74.29109954883816,5.941699982177203],[-74.28700256294945,5.990699767726049],[-74.29229736301231,6.0496997836518],[-74.30500030543621,6.060699939764189],[-74.32109832811034,6.057899952512645],[-74.35160064675232,6.029699802922245],[-74.38909912166307,6.022399902696306],[-74.41449737598383,6.025899886873692],[-74.43000030480046,6.045599937496475],[-74.46410369932988,6.056700229272372],[-74.47910308892885,6.076399803366161],[-74.48139953571122,6.113399982756847],[-74.50450134250967,6.160900116425039],[-74.50559997538636,6.192100047476846],[-74.53790283248158,6.220499992778081],[-74.55178832977475,6.247377872294368],[-74.54370117206768,6.248799801388617],[-74.4854965214316,6.312099933351971],[-74.44750213676501,6.366899967591665],[-74.3991012571524,6.377099991375031],[-74.39450073235619,6.386899947949123],[-74.41760253962518,6.422800064410561],[-74.4313964846148,6.465600013554027],[-74.43379974312367,6.509500027105407],[-74.44419860885198,6.530900001857286],[-74.41819763234147,6.575799942546603],[-74.39230346693256,6.603499889808423],[-74.34449768033409,6.612500190310378],[-74.30130004887941,6.64470004998993],[-74.28859710664378,6.647500037821832],[-74.2781982419343,6.667699814359857],[-74.25569915789654,6.688899994364061],[-74.18540191670914,6.722700118986299],[-74.14569854778013,6.757199764237884],[-74.1289978022095,6.801599979560098],[-74.11340331998032,6.824100017787894],[-74.0085983281447,6.907999991899538],[-73.95320129442197,6.929100036185099],[-73.90370178165169,6.978000163907127],[-73.89620208787022,6.99240016899227],[-73.90779876684074,7.029399872309077],[-73.94010162360095,7.083899974682455],[-73.93720245323838,7.124899864351119],[-73.95169830331275,7.178100108942376],[-73.95860290487529,7.275100231750325],[-73.95349883982453,7.297699927705513],[-73.94190216029548,7.313199996485293],[-73.92700195268947,7.380700111120746],[-73.93399810815626,7.470900059306429],[-73.89540100103852,7.507100105309469],[-73.85679626468396,7.581399917059636],[-73.84410095264808,7.61840009650417],[-73.83670043996696,7.716499805362341],[-73.8246002195086,7.743599891494001],[-73.82460022010052,7.760399818919091],[-73.83380126945504,7.772500038738968],[-73.8464965825989,7.819399833347394],[-73.84829711968179,7.864399909684849],[-73.87599945030422,7.950600147653256],[-73.89040374767777,7.976099968139943],[-73.88819885309083,8.057000160051189],[-73.83519744844419,8.098299979924871],[-73.81897735640047,8.12055397033726],[-73.80014038063058,8.115025520797857]]]}},{"type":"Feature","properties":{"DPTO":"70","NOMBRE_DPT":"SUCRE","AREA":10823789104.326,"PERIMETER":688869.681,"HECTARES":1082378.91},"geometry":{"type":"Polygon","coordinates":[[[-75.48310089143973,9.884900093188929],[-75.4791030884742,9.878499984366071],[-75.43820190471395,9.887000084042887],[-75.3972015378768,9.872400283626074],[-75.34480285601904,9.864100456310391],[-75.33779907255138,9.853699683731552],[-75.34120178199109,9.769300461028479],[-75.3562011720945,9.725500106595396],[-75.38790130632864,9.688099860820587],[-75.39189910923794,9.666199684055115],[-75.38670349143638,9.630299567900336],[-75.37750244141647,9.618700027717518],[-75.36080169667079,9.628499985096427],[-75.36419677751759,9.66429996517214],[-75.3199005128255,9.67800044988827],[-75.25180053729397,9.675999641796308],[-75.19709777878843,9.657299995020361],[-75.16130065875241,9.61030006372999],[-75.12149810758345,9.57380008743555],[-75.04309844961345,9.548000335819177],[-75.00209808333739,9.513199806589961],[-74.96579742432948,9.443699836926253],[-74.93000030533594,9.409500122530764],[-74.93340301512131,9.347700119054418],[-74.92530059852075,9.244799614153257],[-74.91721343962585,9.21207809462408],[-74.90219879187069,9.173700332560326],[-74.86930084188256,9.120400428811287],[-74.85030365027144,9.10190010032201],[-74.84339904808589,9.07180023202114],[-74.81629943859569,9.05200004557954],[-74.79949951162718,9.02890014673625],[-74.7400970455512,9.012399673779722],[-74.69629669219331,8.987400055317533],[-74.67379760784706,8.965999603394058],[-74.60169982953225,8.861700058301642],[-74.58439636208124,8.824099540729932],[-74.57510376001562,8.770899772241021],[-74.5802993776143,8.754699706942386],[-74.59700012174875,8.73630046889837],[-74.62409973149369,8.72430038446253],[-74.62580108658366,8.701800346440864],[-74.60679626453762,8.611599922194243],[-74.6050033568954,8.57400035850455],[-74.59059906002025,8.551500320385397],[-74.59580230715264,8.52659988365056],[-74.56690216073775,8.484299659416465],[-74.55879974379678,8.417300224663629],[-74.57669830311669,8.390199661115155],[-74.57779693608092,8.370599746956309],[-74.58760070759975,8.362000465719825],[-74.60369873009492,8.362000465349656],[-74.62100219768342,8.37080001844224],[-74.63079833997855,8.314800262901304],[-74.65149688710753,8.308500290245439],[-74.67569732688867,8.280300139994601],[-74.71260070836371,8.287400245642532],[-74.77310180671654,8.249500274658132],[-74.7766036985108,8.264599799703163],[-74.80030059789718,8.290699958669789],[-74.8088989254216,8.343299865258535],[-74.8025970457875,8.35649967185763],[-74.80780029257805,8.365799903747883],[-74.81700134317926,8.379099845837112],[-74.8764038086058,8.401900290994478],[-74.88159942591271,8.421600341989262],[-74.90059661861896,8.444700241319103],[-74.92829894989472,8.443699836374552],[-74.96230316170332,8.46000003836675],[-75.01129913343671,8.4608001710352],[-75.0436019898398,8.47649955752058],[-75.05000305143395,8.473099708706032],[-75.049400329583,8.451100349503056],[-75.08740234331277,8.430500030348606],[-75.13809967085206,8.383299827293968],[-75.15769958521535,8.381099700459673],[-75.18879699684354,8.385299682565684],[-75.19519805902183,8.404399871768797],[-75.21710205091438,8.410200119009122],[-75.21479797323582,8.436200142210556],[-75.19750213655786,8.466799735787543],[-75.20970153846305,8.484700202694293],[-75.30190277143971,8.48400020631003],[-75.31459808329514,8.486300468485302],[-75.32610321041527,8.501399994269317],[-75.33300018297552,8.522800445680538],[-75.322700500271,8.55910015123762],[-75.329002380164,8.56669998170979],[-75.34809875503858,8.678799629422961],[-75.36769866911494,8.720499992492783],[-75.34239959701031,8.743499755477986],[-75.34349823001034,8.751600265725495],[-75.37300109904037,8.77830028504075],[-75.4040985110249,8.823499679388506],[-75.4007034298165,8.836700439882938],[-75.3684005734036,8.835399627404499],[-75.3263015749595,8.86009979235792],[-75.27159881561869,8.869099617219648],[-75.26409912088813,8.869099616875655],[-75.25599670440188,8.858599663066508],[-75.20989990240915,8.864800452729815],[-75.21219635040445,8.893099784558796],[-75.20639801037477,8.919699668584114],[-75.21510314986796,8.970499992311264],[-75.24739837663589,9.05329990370009],[-75.30570220972851,9.057600021614784],[-75.31320190465107,9.085900306887446],[-75.32360076867349,9.090600014199929],[-75.33390045165704,9.11660003691789],[-75.35590362544067,9.130499839496323],[-75.36450195345894,9.13409996062355],[-75.41120147724227,9.121500015204365],[-75.42559814459322,9.130800247168708],[-75.43250274635609,9.154000282404454],[-75.42449951198064,9.164299964639715],[-75.43949890158594,9.173100471172111],[-75.47059631314488,9.17720031758633],[-75.46720123281557,9.217100143598746],[-75.46080017045477,9.223400115663985],[-75.46659851088666,9.239600181285315],[-75.52079772936541,9.227100372295084],[-75.53289794924764,9.232399940102384],[-75.5507965088925,9.25790023797184],[-75.62339782726889,9.302599907324034],[-75.63500213601989,9.306699752871294],[-75.64250183094353,9.297499657008832],[-75.65570068394562,9.295299529560916],[-75.66320037836824,9.31210041011877],[-75.68181610065395,9.316696166931447],[-75.68170166059062,9.33180046113155],[-75.70179748553181,9.329000472721749],[-75.68630218541678,9.352000236183665],[-75.68630218519864,9.362400054912978],[-75.692100525047,9.36590003968933],[-75.6921005253374,9.386699676872599],[-75.70420074441246,9.402299880910363],[-75.68000030530321,9.404000282283505],[-75.6522979738077,9.420000076283923],[-75.60739898703746,9.500100135750456],[-75.57630157480105,9.58259964005071],[-75.58209991423601,9.629400253160846],[-75.59829711904477,9.666399955637752],[-75.61669921854917,9.684399605051661],[-75.66459655782107,9.703700065221234],[-75.7043991092198,9.706700325098415],[-75.67500305143761,9.723899840990553],[-75.63469696078282,9.786700249126197],[-75.63069915816935,9.846199989127008],[-75.58630371078043,9.955800056848664],[-75.57710266126328,9.96790027658177],[-75.54019927960925,9.989700317611454],[-75.53559875512873,10.011599540965792],[-75.5518035890652,10.037099838421767],[-75.54660034213188,10.052700043156051],[-75.5719985966121,10.069499969237732],[-75.58699798624079,10.070199966341315],[-75.58640289290462,10.077099799847298],[-75.58409881567384,10.082300186123824],[-75.553001404274,10.086799621621902],[-75.52590179479363,10.117300033300149],[-75.50689697230023,10.11660003674347],[-75.52590179482269,10.04100036663831],[-75.48490142861091,10.013699531853122],[-75.47859954816968,9.994600296410328],[-75.47049713118513,9.934499740728814],[-75.48310089143973,9.884900093188929]]]}},{"type":"Feature","properties":{"DPTO":"73","NOMBRE_DPT":"TOLIMA","AREA":23421273474.061,"PERIMETER":853045.779,"HECTARES":2342127.347},"geometry":{"type":"Polygon","coordinates":[[[-74.83999633732553,5.281400203572112],[-74.76570129398614,5.272999763806494],[-74.7593002320213,5.257400035493083],[-74.75930023150653,5.1880998616079],[-74.74250030484913,5.149899959929426],[-74.75229644757283,5.12510013615449],[-74.74600219740474,5.097300052688275],[-74.765762329382,4.997966766464255],[-74.74130248987754,4.977799892142044],[-74.74009704586612,4.967299938497578],[-74.77700042726218,4.948400020675483],[-74.75910186730896,4.924099922482752],[-74.77010345426227,4.902200221982265],[-74.76370239251196,4.872700213848129],[-74.78220367442566,4.866399764963122],[-74.77980041490945,4.852000236424818],[-74.7884979249426,4.824299812832744],[-74.78150176975961,4.813300133203749],[-74.78330230687779,4.768199920574667],[-74.80629730191696,4.750999927036617],[-74.80919647249678,4.741199970525786],[-74.85009765681704,4.716000080630457],[-74.83799743632626,4.688199996570021],[-74.83969879109209,4.666200160463305],[-74.82640075640737,4.646599769751168],[-74.82579803482655,4.634399891462052],[-74.84539794878134,4.602700233530584],[-74.83329772996235,4.57899999607498],[-74.84539794886257,4.557700157588709],[-74.84079742400822,4.525899887438165],[-74.82460021938192,4.491700172503458],[-74.83670043904955,4.448999881164104],[-74.87010192905669,4.406400204278451],[-74.90059661920036,4.313600063028988],[-74.91790008576908,4.283599853727861],[-74.91840362601111,4.266300201280738],[-74.90799713140235,4.252399921182962],[-74.8251037600436,4.27689981498233],[-74.8071975709508,4.244999886056263],[-74.7853012090283,4.243199825654107],[-74.77539825434184,4.224699974117014],[-74.7489013669595,4.225699901295273],[-74.73850250287255,4.207200050434867],[-74.72119903511576,4.197299957267505],[-74.6809005732729,4.198900222460286],[-74.62960052508545,4.244900226051262],[-74.61080169688394,4.252865791402626],[-74.57019805926157,4.244599819084911],[-74.54429626476586,4.224899768562948],[-74.54370117242024,4.199999809752508],[-74.50910186796585,4.143799781663946],[-74.50330352783821,4.108600140113192],[-74.50669860816959,4.092400073438702],[-74.52980041558372,4.063600063424052],[-74.54010009717783,4.037099837834214],[-74.54299926743265,4.026199817338585],[-74.53440094046707,3.992599963750513],[-74.54360198984455,3.98749995181486],[-74.55280303932571,3.963799953378167],[-74.52909851025727,3.91059994686459],[-74.52970123293751,3.894399881805901],[-74.5510025024739,3.855799913754957],[-74.56310272248489,3.803900003808861],[-74.57170104968506,3.807899951552838],[-74.57749939003826,3.775000095279686],[-74.60220336970144,3.719700097694403],[-74.62580108635882,3.692100047775302],[-74.67479705842307,3.661600112803636],[-74.72720336953807,3.607000112988475],[-74.7565994262797,3.586299896524435],[-74.76409912066973,3.574199914499437],[-74.76349639875058,3.544800043484338],[-74.80670165988082,3.504499911789305],[-74.8067016603527,3.479700088040388],[-74.81420135481684,3.474499941020965],[-74.7985992435001,3.460000037602661],[-74.79000091559779,3.432199954923306],[-74.79290008495349,3.423000097084322],[-74.87870025581313,3.329200029804913],[-74.95529937724295,3.266599893817792],[-75.03028106719947,3.259984493616439],[-75.09940338177569,3.28279995907782],[-75.10350036671046,3.301300049268179],[-75.06199646051766,3.334000110341675],[-75.04129791225414,3.364500045226011],[-75.06320190397531,3.423599958209041],[-75.0764999389104,3.430000067331319],[-75.19409942598793,3.394099950612845],[-75.20379638684187,3.370399952296032],[-75.21476745630905,3.365826606343905],[-75.23670196550599,3.395400046755785],[-75.25859832721774,3.395499944490983],[-75.27590179444887,3.387500047802084],[-75.28109741168223,3.361500024846399],[-75.28910064754616,3.354599952959326],[-75.33930206277758,3.391799926823485],[-75.39579772910902,3.386800050798197],[-75.40619659463279,3.378799915506054],[-75.41079711965136,3.354500054904648],[-75.46209716814236,3.331099987242972],[-75.48110198959128,3.299999952439747],[-75.53520202681143,3.277100085923234],[-75.59860229493118,3.22420000992097],[-75.60549926712544,3.214999914492668],[-75.60610199020687,3.187900066544459],[-75.59169769321957,3.151999950843618],[-75.60489654594977,3.138200045125703],[-75.68679809515734,3.122900009034574],[-75.7575988774213,3.07590007742598],[-75.78589630147759,3.033200025946438],[-75.80950164742289,3.046000003436599],[-75.84179687481158,3.045000075884703],[-75.85959625197191,3.03119993152701],[-75.88610076846982,2.986299991992527],[-75.89820098903027,2.976500034199259],[-75.95649719263078,2.966900110244258],[-75.97609710707964,2.976300001545304],[-76.00489807125729,2.968899965248746],[-76.02159881643068,2.984499931794146],[-76.057403565026,3.000299930215007],[-76.07980346700113,3.029799937972065],[-76.09829711870726,3.079600096026713],[-76.10070037841345,3.117099999855531],[-76.09549713165205,3.229199886405452],[-76.02469635016169,3.431600094215186],[-76.0098037725204,3.513600110515689],[-76.01210021987207,3.572499990903321],[-75.99829864479966,3.637700081331183],[-75.94599914573155,3.786000013392642],[-75.88719940222711,3.895999908122606],[-75.83999633779786,3.939699888722861],[-75.77890014672548,3.925600051494918],[-75.76100158664367,3.933099985395955],[-75.7528991702034,3.940000056718806],[-75.74430084201451,3.972800015883757],[-75.71440124541239,4.0004000665827],[-75.70980071971397,4.015399933430368],[-75.72879791258589,4.088900088891019],[-75.72830200159571,4.135700226382601],[-75.68280029248204,4.197899818260616],[-75.64070129375763,4.279699802146274],[-75.63040161095377,4.303899765399921],[-75.63359832784846,4.311936855333194],[-75.62809753404736,4.314300060405259],[-75.62409973197039,4.363399982002801],[-75.60790252681542,4.404300212402657],[-75.60800170918603,4.420499801625336],[-75.57920074435845,4.464900016266172],[-75.560203551992,4.50810003242681],[-75.51519775447541,4.557600021470432],[-75.4880981444143,4.573100090461812],[-75.4772033691901,4.570700168671811],[-75.37349700970813,4.645400047712685],[-75.38040161116929,4.664500237049717],[-75.40869903514704,4.678999900469897],[-75.40809631360605,4.695199965889311],[-75.41960906980793,4.702723026206166],[-75.41100311256037,4.769700050441547],[-75.41680145231763,4.796899795822261],[-75.41220092802494,4.811900139382888],[-75.39489746119811,4.831500053552409],[-75.36779785121385,4.838900088747921],[-75.35459899900307,4.851500034648893],[-75.35340118453249,4.885000228677121],[-75.36380004842253,4.928400040116646],[-75.34480285702465,4.993599892077677],[-75.36219787646509,5.050799846860992],[-75.36100006104317,5.08370018009879],[-75.32530212393723,5.126900195676629],[-75.25379943838917,5.127799988318213],[-75.22910308828548,5.13689994806204],[-75.2077026362273,5.153600215515893],[-75.1869964601115,5.154600142871478],[-75.17659759521281,5.145899772629615],[-75.16220092716051,5.145299911819641],[-75.15070343061765,5.153299808315702],[-75.10579681424251,5.240399837132534],[-75.09190368617419,5.255899906676112],[-75.0764007565495,5.258100032429823],[-75.06310272184848,5.270800113658325],[-75.01119995147312,5.28039979906131],[-74.90979766850758,5.281700133895496],[-74.89129638704222,5.291500091552333],[-74.8504028318836,5.290100097767281],[-74.83999633732553,5.281400203572112]]]}},{"type":"Feature","properties":{"DPTO":"76","NOMBRE_DPT":"VALLE DEL CAUCA","AREA":22146825343.909,"PERIMETER":995449.434,"HECTARES":2214682.534},"geometry":{"type":"Polygon","coordinates":[[[-76.08380126921747,4.973599910846018],[-76.06770324749155,4.960199832572399],[-76.0560989377762,4.92379999172175],[-76.01750183114925,4.895299911261795],[-76.01290130593051,4.879700184286962],[-76.01860046347161,4.869299888991072],[-76.00540161088092,4.850800037501103],[-75.94889831583089,4.859799862133075],[-75.94999694816623,4.821700095910909],[-75.96730041462774,4.796899795427713],[-75.95690155042301,4.773200034927405],[-75.9580993652194,4.761000156176014],[-75.94879913315589,4.752299785990951],[-75.8899993897579,4.765999793790279],[-75.87909698489139,4.72259998350989],[-75.85079956093482,4.724800110235869],[-75.8155975344848,4.713699817220789],[-75.74590301524249,4.708700179888394],[-75.73950195334106,4.668300152072839],[-75.74410247812078,4.629600048274483],[-75.87960052523948,4.622700214575912],[-75.89739990259328,4.614099979626886],[-75.90200042737249,4.589300155713672],[-75.87200164783144,4.523300170635192],[-75.87599945080919,4.469600200811558],[-75.86509704617256,4.425099849586015],[-75.8361968993906,4.391399860855882],[-75.82409667997551,4.3653998377472],[-75.82689666728967,4.277599811889697],[-75.8067016604992,4.231900215367916],[-75.80269622832805,4.197800159008157],[-75.7847976684516,4.156099796428389],[-75.77089691206305,4.142199993075837],[-75.75080108656417,4.135799884960026],[-75.71959686314841,4.143099784666597],[-75.72830200191721,4.135700225800403],[-75.72879791289924,4.088900088977088],[-75.70980072047986,4.015399933320161],[-75.71440124522972,4.000400066782461],[-75.74430084223405,3.972800016565861],[-75.75289917017341,3.940000057064259],[-75.76100158686523,3.933099984964032],[-75.77890014682224,3.925600051896213],[-75.83999633808963,3.939699888132229],[-75.872802734197,3.913300037244883],[-75.9004974369949,3.874099969813857],[-75.94599914583064,3.786000013276816],[-76.00869751007615,3.593899965574705],[-76.00980377242804,3.513600111476689],[-76.03050231944597,3.407999992568423],[-76.05290222206794,3.361299991166703],[-76.06900024369725,3.296700001233294],[-76.09269714390523,3.239000081649101],[-76.09714508085342,3.208592652916739],[-76.16529846224954,3.217299938352209],[-76.20559692350716,3.234800100409218],[-76.23449707066115,3.253400087714276],[-76.24659729047305,3.269700050283109],[-76.25980377161609,3.273799896521427],[-76.374603271689,3.275399922875188],[-76.41719818128867,3.288899898958245],[-76.45989990222309,3.315599918561862],[-76.48989868143066,3.316299915659271],[-76.5226974491729,3.287600040900346],[-76.50080108676673,3.26729989070811],[-76.50769805943189,3.245899916107697],[-76.49210357663873,3.237200022018372],[-76.52439880379373,3.195199966042574],[-76.52380371047457,3.170900106747989],[-76.53420257570276,3.147300005166767],[-76.55490112319544,3.142699956571576],[-76.5559997559146,3.102900028316688],[-76.57510376022998,3.098299980571124],[-76.60160064665521,3.115200043048731],[-76.61250305137071,3.111799955677918],[-76.62120056140844,3.099699973762709],[-76.64250183112816,3.097500085365974],[-76.66960144041064,3.111999988694476],[-76.68060302771296,3.105700015560391],[-76.77050018338704,3.094000101411768],[-76.80789947551753,3.080300092408196],[-76.90940094005641,3.077800035420994],[-76.95200347942153,3.064100027082969],[-76.97630310044161,3.093100071382801],[-76.9946975705798,3.096600055733866],[-77.04019927986093,3.078299998858579],[-77.05639648466185,3.077800035835424],[-77.19819641121087,3.108500003546746],[-77.25469970683471,3.095400094937293],[-77.25409698518372,3.130599975665547],[-77.28639984093843,3.156199932337212],[-77.29389953659523,3.154500007467832],[-77.304901123235,3.179399966716487],[-77.37229919473313,3.173899889116484],[-77.4075012203335,3.218499898794733],[-77.41729736312911,3.243400097004211],[-77.43869781541554,3.261399984136639],[-77.4657974242679,3.260900020551814],[-77.51820373495048,3.247800111957003],[-77.52860260023293,3.258300065525965],[-77.56320190403214,3.272900104190301],[-77.56030273447766,3.283799886988754],[-77.53089904786833,3.310300112243325],[-77.47850036644451,3.342999934984689],[-77.48429870646075,3.354599953110373],[-77.45780181896974,3.376399993946928],[-77.42379760771779,3.37450003626891],[-77.41799926762407,3.395299911798846],[-77.3898010255199,3.39860010160674],[-77.37650299101867,3.413000107223328],[-77.36329650841496,3.489200115128124],[-77.3816986087519,3.495699882944982],[-77.35410308860534,3.526200055771897],[-77.32879638655486,3.571099996248857],[-77.31030273420264,3.587800026129787],[-77.27919769335273,3.602699995402818],[-77.22789764383178,3.619199991233856],[-77.21350097700696,3.635299920676667],[-77.2106018070368,3.651499986872423],[-77.1979980465755,3.662400007413324],[-77.18240356490541,3.665199994993163],[-77.18470001206677,3.704499959977249],[-77.2071990971359,3.695399999906939],[-77.19969940204123,3.76230001405682],[-77.18419647219872,3.817100048077092],[-77.13169860849374,3.812299966900052],[-77.1259994509613,3.8180999755695],[-77.12020111128409,3.860800027539243],[-77.10240173322632,3.889600038762946],[-77.06950378398618,3.909699916829748],[-77.06900024368879,3.917700052500491],[-77.13990020757502,3.897799968680541],[-77.15370178210154,3.88809990879728],[-77.23269653296491,3.877399921617799],[-77.28399658185221,3.858000040041242],[-77.31449890135144,3.85989999735752],[-77.3427963256133,3.871500015411302],[-77.3134002682898,3.901999950464664],[-77.32319641078982,3.914200067158891],[-77.33409881580073,3.90380001024832],[-77.35720062279402,3.919500112445577],[-77.36239624030608,3.944999932868875],[-77.34400177024312,3.944299936693807],[-77.32440185524102,3.955199957160852],[-77.31520080601994,3.978800058348198],[-77.29959869352955,3.978800058791092],[-77.30359649665968,3.959700107826049],[-77.27249908495229,3.970599889884983],[-77.26039886504387,3.98210000955635],[-77.27130126974222,3.987900018774287],[-77.25810241656043,4.059500217174064],[-77.27140045185908,4.071700096351154],[-77.28469848616756,4.074600219365279],[-77.2921981815544,4.093699932049104],[-77.30950164766955,4.094299793142572],[-77.32209777871812,4.076499938559673],[-77.3469009402076,4.069699764364693],[-77.37169647227026,4.00449991241543],[-77.37799835252508,3.965800047030644],[-77.40619659435076,3.941699981615584],[-77.47429657022697,4.030300139912355],[-77.46910095222883,4.094999790005588],[-77.47489929177263,4.125100135496547],[-77.43800354007942,4.138199806227149],[-77.4201965332248,4.183800220173399],[-77.41040039048103,4.192999839879565],[-77.37059783943998,4.198599815230642],[-77.34120178263396,4.178800106414556],[-77.32849884026025,4.181600094245244],[-77.31240081756715,4.206399917554434],[-77.3095016479023,4.231200217957636],[-77.2985992432257,4.240399837259146],[-77.26399993867118,4.16580009435945],[-77.2386016847716,4.162799835173511],[-77.20169830307735,4.184000015161097],[-77.1561965938547,4.161900043420561],[-77.1249999997778,4.127099991033588],[-77.1001968383686,4.114299773860074],[-77.04080200220425,4.107100010272944],[-76.98380279563133,4.115499973151809],[-76.89610290488649,4.066599846209688],[-76.83270263691563,4.010300159766878],[-76.79869842572941,3.993400096519875],[-76.72779846155674,4.009300231878989],[-76.69200134244794,4.036900043335907],[-76.62860107434621,4.038400172710896],[-76.59179687536005,4.05779981593186],[-76.56349945063113,4.092400073667405],[-76.53410339379766,4.105500221240923],[-76.50990295392427,4.133200168852823],[-76.48400116004112,4.14060020414499],[-76.46209716770338,4.169899940835103],[-76.55609893803401,4.242000103461502],[-76.55960082985021,4.300300121193806],[-76.58100128137002,4.359300136971775],[-76.59140014627702,4.410200119400185],[-76.53199768041893,4.426700114869076],[-76.50959777793969,4.50799989685709],[-76.48940277060785,4.556499957642349],[-76.47560119595019,4.570899963066227],[-76.46640014690033,4.610099792412591],[-76.4100036625023,4.707499980519814],[-76.3834991451071,4.727000236456637],[-76.38629913371938,4.731100082502829],[-76.35870361369466,4.770199775513448],[-76.24169921840841,4.834400177065879],[-76.20890045209504,4.881700038644425],[-76.16970062218273,4.965091228344257],[-76.14440155012787,4.963399887435054],[-76.08380126921747,4.973599910846018]]]}},{"type":"Feature","properties":{"DPTO":"81","NOMBRE_DPT":"ARAUCA","AREA":24196379863.35,"PERIMETER":843446.026,"HECTARES":2419637.986},"geometry":{"type":"Polygon","coordinates":[[[-70.69869995169825,7.059299945227999],[-70.65720367427612,7.038400173557408],[-70.60410308864978,7.049099922149802],[-70.58159637439857,7.045499802275343],[-70.56780242849976,7.010799885423286],[-70.55509948727041,6.996900081106514],[-70.52909851138341,6.985300064827756],[-70.48819732634334,6.986199855679735],[-70.44670104946186,6.971000194746786],[-70.42539977993505,6.971499919608145],[-70.40920257606335,6.950699806718122],[-70.34809875459433,6.911699771749776],[-70.32219695988947,6.914500237141519],[-70.24440002401275,6.94420003894209],[-70.14459991439989,6.955900192811324],[-69.44254302994769,6.065612792344403],[-69.45760345503064,6.032899856537003],[-69.48059845020144,6.021999835343351],[-69.54170227081329,6.0176000590921],[-69.62300109843326,5.98850011828385],[-69.7128982539988,5.991199970154828],[-69.78379821780527,6.008800029016338],[-69.80570220903024,6.000299930436626],[-69.90429687486441,6.012800216384295],[-69.9187011722377,6.034800052667497],[-69.9176025396322,6.056200027653502],[-69.95800018267595,6.097899913680837],[-70.00000000038514,6.110199928125414],[-70.05480194084306,6.108200073638879],[-70.05829620403838,6.13530015966793],[-70.08709716838894,6.167200087927389],[-70.11190032980632,6.178899764698712],[-70.13330078097869,6.20319986356596],[-70.15859985415823,6.219500065362995],[-70.17250061067455,6.247900009260912],[-70.1822967524201,6.248499870436222],[-70.18569946291726,6.243299961805658],[-70.2369995124467,6.245800018478372],[-70.29409790046756,6.239099979286189],[-70.3545989982968,6.245699882388709],[-70.4468994140347,6.242099761735806],[-70.46700286874334,6.225399970704378],[-70.4906997674672,6.223800181937634],[-70.51080322245282,6.205999850541383],[-70.5292968752849,6.21409988424053],[-70.53849792454791,6.20200014169914],[-70.58809661922128,6.203999996852689],[-70.66880035333972,6.18809986055728],[-70.77429962115859,6.19150018656546],[-70.79499816885422,6.204800129559276],[-70.81349945081533,6.204899787732318],[-70.86879730228223,6.199399947595905],[-70.88030242900815,6.188399792253745],[-70.90399932873343,6.184500217950646],[-70.99510192888089,6.201600075152974],[-71.03019714342187,6.220300197931936],[-71.10060119618983,6.229199886115137],[-71.14900207502527,6.225999832863852],[-71.22339630093025,6.25050020255947],[-71.23660278321292,6.247700215080171],[-71.24990081810544,6.230400086109121],[-71.2809982299567,6.235199928432539],[-71.29139709487463,6.226600170250451],[-71.31849670446731,6.229000090885112],[-71.37439727851066,6.199200153485189],[-71.38990020708522,6.199200153267058],[-71.40090179455534,6.2067999833416],[-71.44120025615771,6.196599959737163],[-71.45390319758754,6.204100131782464],[-71.46600341848013,6.185100078279758],[-71.4815979005431,6.177100181193264],[-71.51100158716747,6.176599978803161],[-71.51959991404286,6.168000220653617],[-71.54840087868175,6.177999972642959],[-71.55819702222556,6.176799773556092],[-71.56459808340485,6.165299891760109],[-71.5852966314191,6.174099922908841],[-71.59510040246292,6.164899826161208],[-71.62909698423705,6.18750000050373],[-71.66490173309704,6.200399875289217],[-71.73120117163201,6.191999911876921],[-71.79799652139474,6.173200131020223],[-71.84760284417577,6.137000083209776],[-71.91500091511685,6.129799843311948],[-71.95249939036978,6.133999825040906],[-72.01239776579025,6.106500148095926],[-72.07530212339833,6.091800213288617],[-72.13110351535244,6.046999931766121],[-72.15070342955434,6.040100097332714],[-72.27929687486024,6.096099853240928],[-72.30870056141273,6.136099814683675],[-72.31220245310121,6.173099994601792],[-72.39579772992562,6.186100005775533],[-72.40329742480662,6.21040010451855],[-72.41950225873512,6.226699829642906],[-72.42238616943285,6.243749141601859],[-72.39360046434871,6.295300007542414],[-72.37229919413718,6.318299770592782],[-72.31664276056914,6.353105544452117],[-72.31700134329601,6.415699959433865],[-72.30950164766095,6.421400069501714],[-72.27950286854252,6.410900115691226],[-72.23110198917243,6.413000107026683],[-72.16539764467754,6.473400115491086],[-72.15619659496004,6.497000218102556],[-72.1407012932756,6.596899986096929],[-72.12799835191707,6.632699966503717],[-72.10099792437865,6.672399997759495],[-72.05549621526337,6.766399860607139],[-72.03420257609777,6.844299793233434],[-72.01519775382697,6.888700007853662],[-72.00370025676595,6.898399829927587],[-71.9869995121231,6.98500013314228],[-71.94950103700046,6.992400168734647],[-71.88500213583971,6.993199824684645],[-71.86769866974139,6.997799872924765],[-71.85620117242783,7.012800215988489],[-71.79969787613973,7.040800094360863],[-71.78639984057288,7.040200233905361],[-71.77719879097644,7.026899814275426],[-71.75180053689076,7.040599823281512],[-71.73739624015424,7.01170015315946],[-71.70800018294769,7.011600017513369],[-71.69529724158286,7.003399848699432],[-71.68379974368631,7.006299972268564],[-71.68379974378179,7.031700133815815],[-71.67800140326709,7.035099982472492],[-71.65609741265492,7.022299766727352],[-71.6417007451342,7.027500152106362],[-71.62670135511593,7.01870012350431],[-71.62270355184975,7.007199763562765],[-71.60479736400585,7.002999782976929],[-71.58519744855582,7.008200168206866],[-71.55870056166945,7.002299785679027],[-71.53849792449945,7.010900020853583],[-71.52929687530944,7.00390005152601],[-71.51660156185777,7.011300086909089],[-71.4860992438471,6.991600036637912],[-71.45379638662632,7.01109981594352],[-71.38629913384717,6.987100124355893],[-71.32060241720633,6.998400210763262],[-71.21800231929475,6.985199928527496],[-71.16840362610932,7.00409984629022],[-71.15859985316116,7.002299785481577],[-71.12979888926378,6.971000195155597],[-71.08940124475812,6.954699993312442],[-71.04100036656332,6.961400032722175],[-71.00879669218875,6.984399795295087],[-70.95110321094137,7.003200054222929],[-70.90499877909238,7.037700175491787],[-70.87100219756445,7.052000045221359],[-70.84909820522996,7.047200202659667],[-70.71890258723077,7.072100162456006],[-70.69869995057371,7.064499855413739],[-70.69869995169825,7.059299945227999]]]}},{"type":"Feature","properties":{"DPTO":"85","NOMBRE_DPT":"CASANARE","AREA":44714094970.35,"PERIMETER":1101844.91,"HECTARES":4471409.497},"geometry":{"type":"Polygon","coordinates":[[[-70.17250061003931,6.247900008569654],[-70.15859985402523,6.219500065302547],[-70.13330078168168,6.203199863738607],[-70.11190032983158,6.17889976481477],[-70.08709716842321,6.167200088954866],[-70.05829620342261,6.135300159385044],[-70.05480194139668,6.108200073988101],[-69.99999999986939,6.110199927479789],[-69.95800018258433,6.097899913865437],[-69.91760253953464,6.056200027704056],[-69.91870117201076,6.034800053004186],[-69.91120147657652,6.016300200611257],[-69.8817977905544,6.006899833025598],[-69.84786987310827,6.004879950663293],[-69.88240051341423,5.954899787496023],[-69.89160156227173,5.926700114515661],[-69.93820190482137,5.875999927961186],[-69.94229888853378,5.857600211355174],[-69.97109985435486,5.817800045307099],[-69.99870300218572,5.763100147400499],[-70.00330352787726,5.741199970686111],[-70.04709625225561,5.694600104633349],[-70.05049896307686,5.654099940680031],[-70.11620330760122,5.633600235782814],[-70.12599945021928,5.618100166568937],[-70.12830352820389,5.598400116411592],[-70.14150238001484,5.588099956540896],[-70.18820190384594,5.565800190640902],[-70.22109985313165,5.558400154611236],[-70.2395019533352,5.544600009543895],[-70.29599762043041,5.532700062155779],[-70.36289978078146,5.533599853232428],[-70.4181976323257,5.517600059473957],[-70.50119781496923,5.468299865303119],[-70.54789733901369,5.423399925490568],[-70.68329620341049,5.330999850926987],[-70.69249725283012,5.321800231435278],[-70.69709777799288,5.268099784395231],[-70.73970031757096,5.208199977967875],[-70.83589935244484,5.149099826329579],[-70.86759948671155,5.10529995015358],[-70.89530181951008,5.093299865888883],[-70.95410156237736,5.082600116891039],[-70.98750305138638,5.035399913912125],[-71.0236968994868,4.933899880190354],[-71.08820342972922,4.855599880928753],[-71.15619659363337,4.817200183195563],[-71.2679977408958,4.766200066038072],[-71.35679626388185,4.734799862416462],[-71.42939758236959,4.697599887954737],[-71.50949859643119,4.674799918890625],[-71.57350158700869,4.648499965234913],[-71.59420013449312,4.62200021786715],[-71.64089965847757,4.59390020440124],[-71.67780303877723,4.583099842373424],[-71.72389984148305,4.556700229772591],[-71.81320190365184,4.53280019794416],[-71.84259796176205,4.516200065614115],[-71.91120147677569,4.441999912950705],[-71.94110107473946,4.418399811018658],[-71.95899963444593,4.385000229068249],[-71.98380279510992,4.36660003619277],[-72.02819824298838,4.359899997662289],[-72.04599761967461,4.346099853975357],[-72.06159973154817,4.345600128074148],[-72.07140350289338,4.346799850532101],[-72.10140228313209,4.398900031724902],[-72.26219940231161,4.390299796609352],[-72.33190155107667,4.359399796146522],[-72.4011001578816,4.301899910731955],[-72.41719818138752,4.299099922077178],[-72.46510314967661,4.309100150252125],[-72.48290252615327,4.287300109722978],[-72.49330139164462,4.287300110068863],[-72.52159881540769,4.307600022084306],[-72.5631027224644,4.315299988221155],[-72.59529876775395,4.272099971319921],[-72.63629913281099,4.28270006193837],[-72.65529632565229,4.275300026411909],[-72.71060180612193,4.270299911147826],[-72.72499847404185,4.247300147286029],[-72.73139953594888,4.246699810757558],[-72.76770019511746,4.265900135085522],[-72.78099823026139,4.305300235247749],[-72.81379699742108,4.323299884664866],[-72.80809783870986,4.330800057103972],[-72.82360076894658,4.347599983108687],[-72.81330108606124,4.365499973992166],[-72.84960174600106,4.373099804362513],[-72.84899902420614,4.395699977705329],[-72.86979675334109,4.397500038176968],[-72.87729644703184,4.418300152037085],[-72.93319702081136,4.475200176599098],[-73.00250244125851,4.562699795089798],[-73.04570007378832,4.634500026945199],[-73.07230377186946,4.666399956524814],[-73.06939697285814,4.703299999390567],[-73.0781021118934,4.714300155587632],[-73.08679962102157,4.766900063316633],[-73.09889984130798,4.77850008047756],[-73.07070159915597,4.837299824481673],[-73.05970001139677,4.885200024214705],[-73.06089782684766,4.920499801458587],[-73.04709625217679,4.952199935962891],[-72.98829650940976,4.973899840635706],[-72.93009948808493,5.021599769035255],[-72.93360137966897,5.062600134996699],[-72.98609924290827,5.114200115979375],[-72.95839691117807,5.18109989182576],[-72.95899963320244,5.195600032309558],[-72.97170257491331,5.210100174238716],[-72.88240051311008,5.289400101484384],[-72.8604965203767,5.321599960139842],[-72.82360076866115,5.342899799360629],[-72.80870056125718,5.339900016635315],[-72.77980041456351,5.315499783115604],[-72.74870300333879,5.272099972004637],[-72.73940277114673,5.276100159284293],[-72.70939636206401,5.236100196764721],[-72.69619751046704,5.252799987987183],[-72.68640136738118,5.280499935136266],[-72.67549896294287,5.290299892487431],[-72.66799926783104,5.317900180640028],[-72.60800170967376,5.339600086791839],[-72.59880065933378,5.351200103466033],[-72.60340118426862,5.354599952770619],[-72.59249877969917,5.37830019069075],[-72.56600189243761,5.389100075395701],[-72.53829956055037,5.412700175644347],[-72.5015029906442,5.464000224601897],[-72.4570999137945,5.49440002441421],[-72.44039917055638,5.530700207196403],[-72.42079925521038,5.54279995009008],[-72.4069976813866,5.538700103090821],[-72.3908004754041,5.498700141537729],[-72.35449981763749,5.465099811316569],[-72.326797485921,5.471300124813172],[-72.32109832728096,5.486899852803582],[-72.32399749691251,5.532000065082761],[-72.30960083000643,5.569399833638093],[-72.30560302659259,5.623700142391889],[-72.25278472858409,5.660136699072972],[-72.29989623975004,5.706900119570517],[-72.32180023141613,5.748600005985845],[-72.33679962083656,5.763599872953005],[-72.43129730230213,5.813700198391179],[-72.45500183118934,5.816100121304882],[-72.47519683806361,5.828899861065904],[-72.44640350277875,5.867499828794568],[-72.42449951091143,5.871399879546964],[-72.40950012151956,5.891600131612177],[-72.38480377155106,6.003600120177516],[-72.36000060991877,6.054299831024677],[-72.3589019772427,6.063499927087221],[-72.38359832724844,6.070000171164274],[-72.40270233215917,6.093699932080123],[-72.433898926555,6.16949987377054],[-72.42060089181875,6.203000068848572],[-72.41950225779057,6.226699828819623],[-72.40329742420545,6.210400103765618],[-72.39579772868076,6.186100006810273],[-72.31220245433937,6.173099994992912],[-72.30870056111502,6.136099816141449],[-72.27929687433988,6.096099853630815],[-72.20549774173269,6.060599803205061],[-72.14559936492047,6.040100096926847],[-72.07530212347774,6.091800213216128],[-72.01239776585402,6.106500149070031],[-71.95249938995559,6.133999823837573],[-71.91500091555385,6.129799843034635],[-71.84760284424398,6.137000084455939],[-71.79799652127984,6.173200130471809],[-71.73120117157862,6.191999912167728],[-71.66490173302945,6.20039987515694],[-71.62909698475835,6.187499999286805],[-71.59510040342717,6.164899825265178],[-71.58529663084242,6.174099922408609],[-71.56459808337034,6.165299891967767],[-71.55819702079872,6.176799774046453],[-71.54840087959171,6.177999973456262],[-71.51959991422515,6.168000221032121],[-71.51100158618131,6.176599979660628],[-71.48159789977475,6.177100180973408],[-71.46600341807556,6.18510007901488],[-71.45390319779266,6.204100132132251],[-71.44120025663572,6.196599960454977],[-71.40090179456406,6.20679998431355],[-71.38990020820292,6.199200153644735],[-71.3743972774609,6.199200152718721],[-71.31849670399691,6.229000090887049],[-71.29139709463301,6.226600170250115],[-71.28099823072606,6.235199928276834],[-71.2499008185408,6.230400085196129],[-71.23660278373939,6.247700213611623],[-71.22339630103673,6.250500201602137],[-71.14900207437981,6.225999832721926],[-71.10060119598919,6.22919988662022],[-71.03019714319728,6.220300197091697],[-70.99510192811049,6.20160007520494],[-70.90399932864041,6.184500217844522],[-70.8803024285859,6.188399792038082],[-70.86879730220718,6.199399948641602],[-70.81349945086332,6.204899788465705],[-70.7949981682808,6.204800128522816],[-70.77429962143053,6.191500187382649],[-70.68779754672829,6.186500072773602],[-70.58809661816129,6.203999996017237],[-70.5384979249944,6.202000140898841],[-70.5292968752318,6.214099884257104],[-70.51080322306497,6.205999851971137],[-70.49069976726864,6.223800181968399],[-70.46700286843297,6.225399970455546],[-70.44689941390824,6.242099762087588],[-70.3545989997157,6.245699882359984],[-70.29409790038656,6.239099979286417],[-70.17250061003931,6.247900008569654]]]}},{"type":"Feature","properties":{"DPTO":"86","NOMBRE_DPT":"PUTUMAYO","AREA":24707681631.591,"PERIMETER":1194372.666,"HECTARES":2470768.163},"geometry":{"type":"Polygon","coordinates":[[[-76.5781021113318,1.316400051336731],[-76.56249999986628,1.218700051568387],[-76.58779907184444,1.118899941015365],[-76.58830261293778,1.075600027571352],[-76.58139800957301,1.047199963733234],[-76.56469726574524,1.035599946900447],[-76.43949890094532,0.96920001463387],[-76.38529968266637,0.968400001649572],[-76.32599639850535,0.953700006218162],[-76.29250335757168,0.966899991737985],[-76.26260375985973,0.963299989228642],[-76.22339630194051,0.975300014473506],[-76.21820068332431,0.978699981736018],[-76.2250976569238,0.993200004358502],[-76.21299743730718,1.006399989409643],[-76.19860076984315,1.006899952971039],[-76.19460296583378,1.014999985048652],[-76.15019989090608,0.998600005502836],[-76.1241989139175,0.996200024681537],[-76.12310028084626,1.011800050288993],[-76.09429931621376,1.018599986713653],[-76.10350036689694,1.046399951188231],[-76.0891036990581,1.037700056900811],[-76.02449798509537,1.039700030581426],[-76.00379943832016,1.027500033915741],[-76.0130004887625,1.043100000040835],[-76.00440216087941,1.05460000104017],[-75.96970367458368,1.020400048116751],[-75.95300292911733,1.019199967629578],[-75.93920135429634,1.009299993204884],[-75.94439697271494,1.003000021682278],[-75.93689727777274,0.994799971860884],[-75.94319915772189,0.988499999229425],[-75.96340179468503,0.986899971563693],[-75.96679687517079,0.975899994917134],[-75.94550323551765,0.967199980771923],[-75.92420196503356,0.931299983932155],[-75.87449645973798,0.870400011420655],[-75.82900237978254,0.877099991123266],[-75.80249786315609,0.860300004850526],[-75.80020141603529,0.827300012546825],[-75.78919982866186,0.816900015488551],[-75.76959991409015,0.816799998213438],[-75.7592010498217,0.838699996442416],[-75.72000122078411,0.840300023317927],[-75.6417007439193,0.859600007951004],[-75.64450073299241,0.846300005948106],[-75.63760375961947,0.834699988839422],[-75.57710266098103,0.82929998603407],[-75.56439971887006,0.818300008864043],[-75.56150054883196,0.788800000786053],[-75.54360198918953,0.760399997609184],[-75.50839996403768,0.759700000333083],[-75.50039672827084,0.746399998612605],[-75.4392013550029,0.727599977692107],[-75.35679626534804,0.743499994297442],[-75.29049682543045,0.713100015756236],[-75.27670288023526,0.688799976644961],[-75.28759765689392,0.654200017912922],[-75.28359985369372,0.643800020495439],[-75.25009918208521,0.612500012480718],[-75.23799896283495,0.585900009226143],[-75.26560211141953,0.547800005144861],[-75.26619720381011,0.538600027856005],[-75.2326965337066,0.493400008232189],[-75.23680114713679,0.477800011840745],[-75.23210143997265,0.465700000281395],[-75.17050170852717,0.460200012109495],[-75.1439971923469,0.483200014328488],[-75.13189697337569,0.486600012032468],[-75.12319946253766,0.486000002088645],[-75.12550353978857,0.462300002948887],[-75.03669738780387,0.456200003383089],[-75.03959655800762,0.445800006243934],[-75.00270080506715,0.387899995015647],[-75.02169799801621,0.37009999228395],[-75.02169799727827,0.323300004495618],[-75.00489807100982,0.293799996992063],[-75.02850341796318,0.259799987846815],[-75.02799987736728,0.250499993866276],[-74.99620056192435,0.233600006270265],[-74.86820220882868,0.193800002563732],[-74.75469970625174,0.179499998799467],[-74.73799896199095,0.173099994425258],[-74.70800018373454,0.132499992760355],[-74.70909881628967,0.071900002567813],[-74.71769714275143,0.065499999215634],[-74.72979736357806,0.070200003066292],[-74.73560333268243,0.047099999550225],[-74.69750213555083,0.039500001903754],[-74.6934967039337,0.028499999191593],[-74.70159912144744,0.018700000188078],[-74.72119903491728,0.013000000381668],[-74.6951980591609,-0.048899999996795],[-74.6819000247314,-0.059999998943307],[-74.70089721733362,-0.10320000334188],[-74.66110229545403,-0.091799996206474],[-74.64959716829287,-0.103399998764406],[-74.64209747352378,-0.133499994799386],[-74.5596008294094,-0.160999997966205],[-74.5539016720782,-0.160400003537474],[-74.5568008419598,-0.139599994427165],[-74.54699707104774,-0.135000006083504],[-74.53540039063496,-0.139699995385797],[-74.53659820576785,-0.164499998428583],[-74.52850341874512,-0.172700003507248],[-74.50599670407443,-0.16869999542951],[-74.49449920596876,-0.155499994813619],[-74.48590087932232,-0.119699999220197],[-74.48069763133348,-0.119099996303431],[-74.44730377135349,-0.133699998898927],[-74.46279907155399,-0.152099997112937],[-74.45929717997491,-0.162499993555042],[-74.44779968261898,-0.166600004441827],[-74.39589691168729,-0.148399994425493],[-74.35959625288208,-0.159500002882796],[-74.34120178206791,-0.172900006694605],[-74.29789733868591,-0.178200006379804],[-74.29450225880663,-0.200200006604365],[-74.31690216064035,-0.229000002031956],[-74.31520080520885,-0.242300003717068],[-74.25180053699314,-0.272599994917021],[-74.24720001190084,-0.255299985504507],[-74.23040008600533,-0.2581999898296],[-74.21949768013998,-0.291200012610214],[-74.20500183161006,-0.299899995477045],[-74.19519805906913,-0.299400001670015],[-74.16359710745932,-0.278699994463614],[-74.14859771691162,-0.284599990398917],[-74.11399841255115,-0.314200013529915],[-74.08170318680013,-0.315499991171774],[-74.05690002485365,-0.364699989848177],[-74.02339935252043,-0.381000012578185],[-73.9414978033986,-0.400999993722348],[-73.88365173339845,-0.430558829695821],[-74.41179656925044,-0.587899983740534],[-74.41699981722222,-0.578599988991085],[-74.44580078133365,-0.573300004146164],[-74.44300079305471,-0.533399998499122],[-74.47180175707302,-0.524699986489418],[-74.49829864491765,-0.50609999905706],[-74.50869750923984,-0.510100007690359],[-74.52490234418345,-0.484600007835458],[-74.54679870542185,-0.501200020695231],[-74.55599975637436,-0.464199989809952],[-74.58139800987576,-0.422500013803246],[-74.61599731388931,-0.405099988748738],[-74.62120056147192,-0.39350000002975],[-74.64189910910702,-0.385300010216863],[-74.68229675342724,-0.403100013724443],[-74.69609832782125,-0.366600007505287],[-74.7053985600986,-0.360799998471434],[-74.73529815613925,-0.370499998653626],[-74.74109649599009,-0.347400009592974],[-74.73770141645441,-0.323100001231986],[-74.77169799743297,-0.262300014706743],[-74.8029022210873,-0.222299992416763],[-74.8438034061437,-0.184599996047908],[-74.84960174509767,-0.190899997140336],[-74.84729766770785,-0.218700007366831],[-74.85240173350616,-0.227300002810919],[-74.88529968299714,-0.250299990009476],[-74.89739990313011,-0.248500004298322],[-74.92510223423776,-0.229300006559673],[-74.93489837567563,-0.21310000079656],[-74.96890258707501,-0.219899996454756],[-75.0052032467483,-0.171200006428439],[-75.0485000615002,-0.146799996457465],[-75.06580352781107,-0.126499995884877],[-75.12229919455693,-0.08810000185538],[-75.14479827919784,-0.085699997765003],[-75.18340301574423,-0.059599999496511],[-75.21399688677577,-0.047299999041916],[-75.22899627670293,-0.048399999268023],[-75.24569702208824,-0.061099998786871],[-75.27220153798154,-0.105999998436322],[-75.29119872987677,-0.126699999738265],[-75.30439758381792,-0.125499993304151],[-75.32810211136014,-0.108099997858685],[-75.35169982844072,-0.100500002197989],[-75.39959716798224,-0.090400002783965],[-75.41570282056836,-0.100199997235852],[-75.44110107448273,-0.09369999962455],[-75.46589660645638,-0.074600003030083],[-75.4710998530102,-0.060100001121315],[-75.52239990197948,-0.042599998070619],[-75.54599761898956,-0.023999999477096],[-75.58350372335411,-0.013399998945506],[-75.6169967652152,0.024800000482502],[-75.624496459802,0.048500000626951],[-75.63999938904301,0.063100002607175],[-75.6595993047252,0.057399998628332],[-75.68669891401755,0.03840000228998],[-75.72530365027092,0.031599998618792],[-75.8463973991435,0.064499996053865],[-75.88220214832084,0.099899999338773],[-75.9093017576751,0.113300002454503],[-75.9652023312139,0.168999999042704],[-75.98600006104448,0.209500000131426],[-76.0258026123877,0.245499997615722],[-76.02120208741951,0.262800007518981],[-76.04139709411012,0.299199997953059],[-76.11170196584784,0.325500011155485],[-76.11869811998812,0.334199995004615],[-76.14800262396385,0.323399991461822],[-76.1556015019655,0.351700007122489],[-76.18150329614217,0.37950000160774],[-76.21610259980139,0.378500014821495],[-76.23509979185495,0.387300013796561],[-76.28410339402507,0.394400000668415],[-76.32910156247284,0.417100011957662],[-76.34410095178933,0.418900013620208],[-76.37349700927507,0.379200011122252],[-76.4559020993694,0.38240000605093],[-76.45120239227593,0.250699997679261],[-76.51349639879673,0.252099991550115],[-76.61319732586686,0.205200001890284],[-76.6311035149017,0.244499995972317],[-76.65239715594885,0.260199993791354],[-76.68930053710582,0.272500008474849],[-76.76940155091603,0.280299990596784],[-76.80919647162351,0.275299996488713],[-76.78730011002995,0.23129999678715],[-76.84780120846735,0.256399989819966],[-76.8731994632229,0.24609999371171],[-76.90200042766584,0.244499996355631],[-76.95559692369905,0.264999986166231],[-76.9682998658423,0.291000008056635],[-77.08769988947004,0.297899991423224],[-77.12110137957853,0.358099997362007],[-77.113601684148,0.359200000707897],[-77.10620117161002,0.390899986821778],[-77.1137008662145,0.416999996182585],[-77.10790252709135,0.447499990664861],[-77.15059661839928,0.529699981522067],[-77.14720153799963,0.55510002359869],[-77.13449859590385,0.582199990913987],[-77.16049957275952,0.624499976995054],[-77.14379882833785,0.634800017629109],[-77.12359619127308,0.633599997152851],[-77.03079986650819,0.661499977835113],[-77.064300537662,0.805499970175741],[-77.06719970746545,0.833800018637475],[-77.06150054984535,0.867299974129465],[-77.07879638640979,0.883499979827686],[-77.09839630150574,0.924600005713301],[-77.10420227050514,0.964500009321253],[-77.09439849852338,0.958100020879973],[-77.111701964717,1.082900047163285],[-77.11350250271066,1.185799955698422],[-77.09570312545374,1.205899954446505],[-76.96540069615051,1.242900014304145],[-76.86460113599583,1.303699969897432],[-76.8426971430644,1.293200015348618],[-76.79599762003396,1.292500018929236],[-76.78269958428866,1.298200010923317],[-76.76709747264765,1.310799956197282],[-76.75389862125955,1.334400057730067],[-76.73660278312423,1.393900037568451],[-76.70149993885825,1.423799991030001],[-76.67559814475038,1.427099943274573],[-76.66169738748916,1.409700036008799],[-76.60980224548646,1.383499980640321],[-76.58789825387649,1.360900045187802],[-76.57749938945766,1.338899969549491],[-76.5781021113318,1.316400051336731]]]}},{"type":"Feature","properties":{"DPTO":"91","NOMBRE_DPT":"AMAZONAS","AREA":110029418235.446,"PERIMETER":2562641.642,"HECTARES":11002941.824},"geometry":{"type":"Polygon","coordinates":[[[-71.38639831608194,0.11860000226794],[-71.37609863342597,0.111599996212203],[-71.36910247870233,0.131200001169541],[-71.35880279438248,0.124799996028241],[-71.35130309951874,0.090699999515767],[-71.33219909662552,0.074500002375416],[-71.31659698376616,0.044399998926521],[-71.30629730183963,0.040300001534639],[-71.29699706971545,0.046000000751319],[-71.2791976921203,0.032699998913084],[-71.2498016350134,0.028499998820095],[-71.23880004828722,0.05789999972173],[-71.22329711817915,0.056699999403628],[-71.22100067231952,0.064199998301251],[-71.19499969505183,0.057700001353978],[-71.16390228231617,-0.008299998861506],[-71.15229797276314,-0.008300000621755],[-71.14600372436324,-0.000300000813742],[-71.13269805829987,-0.004899999885783],[-71.12930297843224,-0.022799999671918],[-71.11769866889266,-0.028700000574052],[-71.06759643547086,-0.037500001592082],[-71.0716018669161,-0.053099999941723],[-71.05429839962909,-0.070000000983545],[-71.04850006090415,-0.063000000610602],[-71.04969787520912,-0.050299998792448],[-71.02780151478906,-0.042899999854653],[-71.0167999270171,-0.045800001056954],[-70.96150207453398,-0.087099999736527],[-70.95050048827382,-0.11259999919357],[-70.91819763263113,-0.153699993121211],[-70.92510223306519,-0.165800005112377],[-70.94529724209059,-0.165700003298406],[-70.9590988165286,-0.188800005971777],[-70.94010162289558,-0.223499998867267],[-70.91529846287557,-0.245000003541254],[-70.90139770494913,-0.276199995811148],[-70.8962020868088,-0.290100007397897],[-70.90019989087044,-0.339199991072346],[-70.87599944945856,-0.351999998917021],[-70.85179901039491,-0.388500005669326],[-70.81430053739167,-0.381700010074132],[-70.79640197649138,-0.372000008526329],[-70.78440094099608,-0.341399998175951],[-70.76360321104806,-0.325300008604408],[-70.7059020997216,-0.353899985219218],[-70.67079925579723,-0.379400014443235],[-70.65930175894518,-0.363299994422178],[-70.64250183013911,-0.36340001341132],[-70.59580230822752,-0.413199990887992],[-70.58429718030558,-0.417899997251851],[-70.56240081784692,-0.407599986402084],[-70.56410217235324,-0.400099992302756],[-70.52380371196764,-0.407200009745985],[-70.48919677849717,-0.442000000417708],[-70.46089935256514,-0.485399991132383],[-70.45909881565983,-0.521300019048992],[-70.39459991545783,-0.502499998452667],[-70.36799621577372,-0.525699971896915],[-70.32769775393075,-0.518899976237166],[-70.363502501847,-0.498600005433778],[-70.36399841291411,-0.49219998840996],[-70.33409881692137,-0.479600011984559],[-70.31559753469189,-0.480800001726144],[-70.29949951136025,-0.457800000140219],[-70.28849792586037,-0.458400011282226],[-70.25389862108989,-0.478799998835587],[-70.2089996334063,-0.489400000467943],[-70.20780181800374,-0.511900006664721],[-70.22389984219907,-0.518800020311054],[-70.23780059888703,-0.511799991427603],[-70.29190063552034,-0.560100018519173],[-70.31150054935853,-0.586600006640287],[-70.31670379712122,-0.607900022710742],[-70.31210327250975,-0.623499988461521],[-70.29419708214422,-0.599900006624207],[-70.27459716913134,-0.611599981708566],[-70.26709747334435,-0.634700000167896],[-70.25839996313144,-0.781499981038407],[-70.28949737482966,-0.810199976822183],[-70.27680206318385,-0.857599973649374],[-70.24220275840422,-0.893599986722568],[-70.23580169715648,-0.913800000159529],[-70.23930358846413,-0.932299971104695],[-70.26460266007783,-0.976700007957143],[-70.29109954746008,-0.981700003624983],[-70.29979705864913,-0.999000012618793],[-70.2939987170497,-1.021000027361491],[-70.26920318643776,-1.054000019036196],[-70.24150085484817,-1.054200053374344],[-70.23919677623557,-1.034500002271147],[-70.23110198964422,-1.025300025103236],[-70.22019958506921,-1.016700028866741],[-70.20059967022408,-1.016800046989683],[-70.1953964238351,-1.024299980121551],[-70.20230102646458,-1.052600026850937],[-70.22419738709957,-1.085399985026566],[-70.22019958490391,-1.096400023237786],[-70.18900299105674,-1.104599952972509],[-70.16649627709212,-1.144600033164752],[-70.15090179571685,-1.149299980462081],[-70.13880157381777,-1.136600017618208],[-70.12619781378994,-1.099099992714516],[-70.08350372358512,-1.082499981439731],[-70.09390258712607,-1.051900028788547],[-70.12390136751125,-1.058099983932774],[-70.14240264828999,-1.051100015274149],[-70.14469909724707,-1.032600045913177],[-70.13659668073481,-1.021100044795301],[-70.07669830278829,-0.986100017194764],[-70.04669952385923,-1.010499955056414],[-70.03520202641037,-0.999599993146798],[-70.03690338253777,-0.975300013518498],[-70.0294036872334,-0.967800020959192],[-70.01210021982735,-0.980000019879788],[-70.0000000001345,-1.007799982341174],[-69.97519683904216,-0.998700023622739],[-69.95909881642709,-0.9836999784275],[-69.94809723016711,-0.985499977921632],[-69.91349792610377,-1.012199998175211],[-69.94180297821428,-1.026499987806777],[-69.9504013067849,-1.041499972046704],[-69.94290161055105,-1.062299967996541],[-69.95089721713367,-1.092300056234386],[-69.96880340459866,-1.105600000024879],[-69.97460174492622,-1.119400024557618],[-69.96250152657537,-1.13160002217946],[-69.87660217248214,-1.11059999538069],[-69.86160278256459,-1.089799999564358],[-69.83049774079905,-1.06970000144637],[-69.8246994011657,-1.069200038230351],[-69.78610229394403,-1.130599975074817],[-69.77159881501643,-1.135800004575126],[-69.7515029919035,-1.137099981140811],[-69.74279785166027,-1.125000000042496],[-69.76419830360575,-1.116799950072797],[-69.76820373438801,-1.091400027242056],[-69.78150177117956,-1.081500053445712],[-69.77339935408565,-1.072299958275243],[-69.73190307740838,-1.072499989540771],[-69.70249938930277,-1.093400001511962],[-69.65979766950663,-1.154800056910411],[-69.66790008594263,-1.164000035271302],[-69.67819976784975,-1.164000033393868],[-69.68340301553532,-1.173200012449484],[-69.6793975843164,-1.188199996067931],[-69.68689727826434,-1.23090004848595],[-69.67130279457174,-1.258700012957815],[-69.65969848753547,-1.262199997796812],[-69.63960266177703,-1.257699965327171],[-69.63899993956326,-1.23230004346265],[-69.6304016127204,-1.217900037531538],[-69.61479949963993,-1.205800055304005],[-69.59059905936685,-1.201900006468472],[-69.57160186846089,-1.223299979554587],[-69.54850006001722,-1.226300000751048],[-69.511001587631,-1.250699996651328],[-69.48680114876986,-1.251999973176443],[-69.47760009786924,-1.233000040879586],[-69.47820281909333,-1.216799974462348],[-69.49379730352135,-1.190099954961453],[-69.48049926781943,-1.189000010032244],[-69.47470092827615,-1.18159997486996],[-69.4758987420918,-1.166499972715733],[-69.49030303903899,-1.141100047923199],[-69.48860168568471,-1.128399967173566],[-69.47589874379983,-1.127799986667365],[-69.45919799837432,-1.116899966876398],[-69.43620300410477,-1.115300059531929],[-69.43560028182439,-1.110700010059588],[-69.41139984114706,-1.142500043176917],[-69.40499877954474,-1.174900055825218],[-69.4390029909248,-1.244099975694827],[-69.44010162360408,-1.258499980878511],[-69.4141006470824,-1.360299945832387],[-69.42099761972999,-1.397199988225512],[-69.43939971934704,-1.433599948415292],[-69.44339752184649,-1.478600023957187],[-69.46759796069641,-1.525900005649191],[-69.46759796050635,-1.602100015823655],[-69.52850341827315,-1.962900043293925],[-69.95259857244895,-4.247300146812727],[-69.98609924390148,-4.216000080465783],[-70.08529663203267,-4.093100071937488],[-70.15280151405693,-4.026999949429466],[-70.16829681500782,-3.996900082829765],[-70.19370269657261,-3.915299892458346],[-70.2284011831697,-3.85630011567188],[-70.27279662968965,-3.839900017270542],[-70.29010009861234,-3.845000029332752],[-70.29640197678545,-3.839799879727124],[-70.34660339411946,-3.837899924454216],[-70.37940216112102,-3.82730007178749],[-70.41169738688988,-3.854899884226097],[-70.44850158633828,-3.898699998396571],[-70.477401734366,-3.910700083175802],[-70.49929809518413,-3.910599947476381],[-70.5742034908168,-3.880199909818785],[-70.63480377089945,-3.882900000066775],[-70.65899658179865,-3.873500107464985],[-70.68489837543697,-3.841099978009387],[-70.70909881493347,-3.835200072518391],[-70.0784988403504,-2.797499894147363],[-70.08779907168451,-2.712599992346007],[-70.10160064641808,-2.691699982820214],[-70.11319732561297,-2.692300081001281],[-70.130996704953,-2.733200073258777],[-70.16960144102893,-2.749200104947521],[-70.16729736428915,-2.704699993942086],[-70.16040039096005,-2.694999932958213],[-70.18520355145294,-2.661900044001246],[-70.20310211165865,-2.672800064866598],[-70.21289825356766,-2.69180011669037],[-70.22730255207425,-2.695199965390815],[-70.23249816854272,-2.685400007896381],[-70.22679901183493,-2.621900081088242],[-70.2481002813967,-2.599900006526738],[-70.25849914480759,-2.595799921691756],[-70.3242034921819,-2.612799882295921],[-70.35299682696134,-2.596499919518853],[-70.34269714393443,-2.583300113833968],[-70.30169677679885,-2.569600105394183],[-70.29479980529675,-2.561500073096036],[-70.29769897362686,-2.55049991693878],[-70.31040191528709,-2.541800022334574],[-70.34670257617078,-2.535300015304459],[-70.41419982807246,-2.551199913446093],[-70.44529724058233,-2.548799991767881],[-70.4551010122946,-2.511800051789787],[-70.47239685172588,-2.49440002449219],[-70.50579833969871,-2.50920009512028],[-70.55719757062673,-2.466300010057104],[-70.56809997519031,-2.464499950740431],[-70.58480072024012,-2.465600013599589],[-70.56349944983037,-2.51300001215755],[-70.57499694797069,-2.524499893853058],[-70.6050033578766,-2.529599904519539],[-70.627998350872,-2.517400026832883],[-70.63439941450454,-2.494800091794457],[-70.61650085491029,-2.462599993426686],[-70.6205978385055,-2.447499991239983],[-70.6343994140546,-2.44109988185854],[-70.66500091607365,-2.443300009950213],[-70.65920257542082,-2.41100001445009],[-70.6696014407165,-2.392499923885959],[-70.70709991555154,-2.373800039896989],[-70.72840118517996,-2.372600079322841],[-70.76940154947596,-2.334300041686998],[-70.80509948774399,-2.332400083852246],[-70.84780120760809,-2.277899980627227],[-70.8667984005149,-2.269200086583134],[-70.93659973214164,-2.286799908412235],[-70.97579956119289,-2.255399942367396],[-71.01850128086251,-2.233900071051834],[-71.01899719179532,-2.253499983575601],[-71.0028991706436,-2.296900034929664],[-71.00109863155984,-2.324599980953337],[-71.01380157562333,-2.328599929968654],[-71.06860351617837,-2.301800013285408],[-71.08820343134362,-2.306900025336073],[-71.12740325985362,-2.319499968303211],[-71.13369750914487,-2.32809996693401],[-71.12960052560616,-2.378400087369531],[-71.13999939014838,-2.385299921118071],[-71.16770172024377,-2.375299931059125],[-71.1774978628166,-2.399600028174643],[-71.19190215962415,-2.405299901017637],[-71.23629760781743,-2.375600100220126],[-71.25589752172611,-2.393500089795369],[-71.25930023309391,-2.411400079765887],[-71.27660369865356,-2.414200068019713],[-71.27660369827136,-2.378400087203727],[-71.30370330904799,-2.373600005515422],[-71.33249664335018,-2.404099942035464],[-71.3883972171352,-2.430500029380004],[-71.39479827990017,-2.428100109343325],[-71.39309692430676,-2.400399922400138],[-71.39880371132811,-2.381299972079926],[-71.41560363653306,-2.366199970234539],[-71.42250060979327,-2.339600085815458],[-71.44960022032562,-2.312900065771369],[-71.48419952502728,-2.297199964579832],[-71.49520111006485,-2.299499989455673],[-71.50260162283698,-2.335200071186544],[-71.49160003595594,-2.374000072345266],[-71.50779724121107,-2.364700079851087],[-71.51760101399904,-2.347300052962981],[-71.51589965913153,-2.290699959080808],[-71.52169799925508,-2.273900031857606],[-71.5654983523715,-2.267999886973899],[-71.65139770581288,-2.236999987748157],[-71.71939849876148,-2.246500014215818],[-71.7263031015347,-2.227999926597401],[-71.72290038967255,-2.188800097232762],[-71.72869873149702,-2.17720007893768],[-71.74019622824053,-2.172499894516813],[-71.78749847464083,-2.198899985095268],[-71.81169891476631,-2.230000019193981],[-71.82949829011686,-2.219500065400539],[-71.83820343095007,-2.221800090041169],[-71.84049987729134,-2.246000051712161],[-71.85199737474579,-2.256400109218259],[-71.87619781458423,-2.330199956900705],[-71.88770294273446,-2.338299989236473],[-71.93270111020823,-2.342700003802352],[-71.93669891465392,-2.348999975977016],[-71.9337997446623,-2.386600018735344],[-71.92400360115842,-2.402800084222307],[-71.94010162369696,-2.402699947420495],[-71.95970153914536,-2.389400006106829],[-71.98619842554896,-2.39790010562605],[-72.050796507837,-2.364700078405984],[-72.08480071961357,-2.407900094960383],[-72.14070129320224,-2.452100037451763],[-72.15110015965396,-2.470599890626058],[-72.14579772839184,-2.506400107762846],[-72.16030120955028,-2.501699924209627],[-72.1735000611082,-2.470499993214735],[-72.20059966946812,-2.473299980752002],[-72.23179626578126,-2.466799974678006],[-72.25140380898574,-2.469000101935575],[-72.25080108714894,-2.476500034175885],[-72.27790069585951,-2.497800111228933],[-72.36090087985102,-2.523999929306542],[-72.38279724234454,-2.509999990185638],[-72.39949798664223,-2.459100007643736],[-72.43240356336518,-2.463599919996851],[-72.47959899800453,-2.454799889944945],[-72.54820251542215,-2.459700108311713],[-72.57939910967973,-2.440500019979404],[-72.64726257241001,-2.4262280475526],[-72.64910125629518,-2.452899931840967],[-72.66470336886978,-2.474200009040975],[-72.66929626484915,-2.496700048241395],[-72.68190002368479,-2.508199930225315],[-72.70099639950753,-2.490200042003617],[-72.69869995031507,-2.471199989245242],[-72.736198425241,-2.443900107808502],[-72.7506027214434,-2.492899895551089],[-72.75800323544676,-2.492300034039053],[-72.76959991454358,-2.457600115829178],[-72.78520202622794,-2.455800055451989],[-72.82489776622069,-2.479899883503423],[-72.89520263728798,-2.504400013755495],[-72.93900299151126,-2.527400015830876],[-72.92459869379834,-2.493299960081978],[-72.94709777915911,-2.474800109322573],[-72.96160125769725,-2.449899912485293],[-72.96450042832817,-2.426700115803153],[-72.95639801062258,-2.402499914404325],[-72.96389770479085,-2.395499945685128],[-73.00769805824254,-2.420200108356706],[-73.03649902354393,-2.39930009716415],[-73.04109954854535,-2.381900071461118],[-73.05560302791933,-2.384799957514518],[-73.06130218519769,-2.413599967763686],[-73.07279968291463,-2.427999974297892],[-73.07980346735246,-2.407799958633339],[-73.07520294127202,-2.382999898135287],[-73.08840179381575,-2.38229990073511],[-73.10690307518918,-2.394999980612342],[-73.12989807060117,-2.394299983732723],[-73.11959838884923,-2.36019992788576],[-73.13050079455317,-2.341700076691823],[-73.16970062148792,-2.310400008956806],[-73.18759918324842,-2.286600113617388],[-73.18759918311812,-2.273900032851969],[-73.13580322346952,-2.24460005757735],[-73.10870361313556,-2.187599896811592],[-73.07700347962786,-2.154200077607438],[-73.10759735153057,-2.148299932872893],[-73.11280059758343,-2.140799999927382],[-73.11160278333631,-2.100300074752304],[-73.12840271029094,-2.073699950978726],[-73.12500000077965,-1.999799965616475],[-73.11460113400265,-1.969200013959483],[-73.1175003056213,-1.95009994542211],[-73.15840148815768,-1.933200000615923],[-73.16310119607563,-1.880100012552698],[-73.21779632547037,-1.848099947615003],[-73.23690032936857,-1.808099986054349],[-73.24269866969783,-1.809800029255012],[-73.25990295347144,-1.862900019226195],[-73.27380371008131,-1.866299987443064],[-73.2732009887412,-1.843199968846708],[-73.32679748546371,-1.842399953893042],[-73.32270050111536,-1.879400015562012],[-73.33139800912981,-1.878800035672878],[-73.38390350233279,-1.843299985027353],[-73.43689727675279,-1.84539997615495],[-73.4531021122836,-1.813599943278869],[-73.46859741319294,-1.799600005474097],[-73.55280303991556,-1.781999944574192],[-73.55629730194873,-1.754799961364383],[-73.53900146370214,-1.736400007137381],[-73.52860259993078,-1.690199971355068],[-73.5137023924471,-1.667199969501086],[-73.48429870672784,-1.648800015357527],[-73.48139953591476,-1.629799961151955],[-73.49240112262818,-1.618199944064105],[-73.51429748558398,-1.611099958129716],[-73.50509643676207,-1.586899995729522],[-73.50569915802964,-1.577700018563503],[-73.5137023920222,-1.572399972962925],[-73.51719665492458,-1.54069995849922],[-73.55180358865728,-1.516299962399827],[-73.55410003555731,-1.492599963945287],[-73.56909942656308,-1.477499962723356],[-73.60140228165301,-1.470999955460122],[-73.5755004876707,-1.447399974993726],[-73.57550048871413,-1.437000036017119],[-73.60030364936276,-1.4149999628305],[-73.60489654451445,-1.373900055724551],[-73.63320159969929,-1.371500015735925],[-73.64240264911413,-1.326400042128243],[-73.66259765699576,-1.311300039757035],[-73.69550323595904,-1.30599999508674],[-73.7087020874523,-1.290300011223394],[-73.75370025523164,-1.293599962976135],[-73.76519775431926,-1.276800035262863],[-73.77040100054063,-1.252500057001199],[-73.78479766932873,-1.251299977953058],[-73.79920196547246,-1.29400002854813],[-73.80899810713099,-1.297399997807017],[-73.82230377227258,-1.285799980175489],[-73.84190368635815,-1.28859996733127],[-73.88459777882177,-1.270499944026487],[-73.89839935360135,-1.250300050312774],[-73.92089843819451,-1.190700055084933],[-73.94000244248446,-1.166300058802844],[-73.98609924316938,-1.174200056786247],[-73.98719787658302,-1.157999992953786],[-73.9796981818872,-1.140200017882282],[-73.99009704497593,-1.134899973148813],[-74.01429748553808,-1.15209996634652],[-74.02469635133087,-1.153300047187609],[-74.04139709463246,-1.142199993448711],[-74.06569671511463,-1.080899953544386],[-74.06860351442766,-1.054900049401574],[-74.08010101230379,-1.062299966327344],[-74.09559631396452,-1.095800041192883],[-74.10949707049554,-1.099200009270434],[-74.16190338154644,-1.071799992788059],[-74.24379730112491,-1.050699949794927],[-74.29399871751056,-1.022699952482777],[-74.30380249046505,-0.988600016475313],[-74.30319976828959,-0.960300029170037],[-74.31539916924903,-0.950999973981763],[-74.33439636140939,-0.948599993233735],[-74.34529876726123,-0.926599980117979],[-74.29000091515564,-0.929199993333645],[-74.2893981924966,-0.893400014303044],[-74.28199767961338,-0.891099989836154],[-74.28019714317391,-0.87150001449546],[-74.29180145245083,-0.858099996578178],[-74.31600189134465,-0.855700016094633],[-74.31890106134992,-0.826200008651007],[-74.33619689980637,-0.83249998203469],[-74.3448028575515,-0.804199994605691],[-74.35520172063765,-0.795499980294035],[-74.3731002813936,-0.793699978534601],[-74.39379882868673,-0.77859997808786],[-74.39959716687544,-0.767000019694078],[-74.37599945119892,-0.734200001025942],[-74.37370300356386,-0.711600006858577],[-74.39270019645326,-0.689000009822666],[-74.40090179380918,-0.608699976860299],[-74.41179656982419,-0.587899982450846],[-73.87640380850682,-0.428400010852586],[-73.84760284523512,-0.442400007955858],[-73.8106994638245,-0.440800011456723],[-73.79570007326922,-0.435099990182363],[-73.78299713099844,-0.416599988299413],[-73.75420379559712,-0.409799993265494],[-73.70459747342007,-0.443500013290529],[-73.6781005857224,-0.444799989239754],[-73.6791992184532,-0.476000009734533],[-73.62850189288447,-0.469300000899942],[-73.61689758406284,-0.500500022771089],[-73.5880966178943,-0.519100010648543],[-73.59619903469618,-0.527800024417703],[-73.59619903687646,-0.544499992165499],[-73.58119964500226,-0.544000030069209],[-73.57140350327136,-0.531899989787274],[-73.53849792475245,-0.555100022536015],[-73.48889923206308,-0.555400014932841],[-73.45439910918627,-0.546800016667343],[-73.41979980538098,-0.557399988335399],[-73.38520049939807,-0.544799984185136],[-73.3074035634286,-0.572899998338976],[-73.29409789921063,-0.582199991348572],[-73.27559661976515,-0.614000023422874],[-73.2543029797356,-0.62510001561048],[-73.25309753388255,-0.637199996869613],[-73.22309875374907,-0.657500028915605],[-73.20760345546776,-0.657000004177392],[-73.1638030995139,-0.635800003412781],[-73.1442031859172,-0.634800016796133],[-73.11710357588078,-0.648199974716038],[-73.0998001088275,-0.646499990493528],[-73.09339904671164,-0.642499982577291],[-73.09230041379674,-0.601499974552115],[-73.06929779109898,-0.558799981779141],[-73.03119659463712,-0.553799987818407],[-72.9983978274829,-0.564300000402637],[-72.97699737451613,-0.586399971598224],[-72.9511032099551,-0.646000027386665],[-72.88249969504025,-0.648000002963576],[-72.8593978888276,-0.641700029874745],[-72.81790161051315,-0.618200003326835],[-72.7955017095097,-0.589999974657336],[-72.7717971798743,-0.584900021381921],[-72.76490020854673,-0.599399983562273],[-72.73200225812204,-0.616900027572817],[-72.65129852236589,-0.691100001221528],[-72.59069824313862,-0.729499995184114],[-72.58039855984683,-0.730099975595437],[-72.57109832663723,-0.722100020114843],[-72.48069763166845,-0.611599981697288],[-72.44380187963199,-0.58630001527807],[-72.43289947422173,-0.586300014518765],[-72.43109893843787,-0.614099980113419],[-72.39939880353045,-0.647700012589384],[-72.36080169625362,-0.668699980273576],[-72.33599853514393,-0.672200023559442],[-72.28929901234086,-0.653999984755081],[-72.26110076948731,-0.616500020380225],[-72.19200134383318,-0.440100013351044],[-72.13780212427876,-0.391799986458256],[-72.12460327156973,-0.389499992979402],[-72.07620239299727,-0.359699995419555],[-72.07620239198923,-0.325599999230152],[-72.06990051269224,-0.308299988694403],[-72.0467987066097,-0.284700006625767],[-72.00820159908136,-0.280299992325586],[-71.88999938945483,-0.306199998663252],[-71.83290100146897,-0.293099999557158],[-71.8013000497807,-0.262600003904732],[-71.76210021934816,-0.159999997464403],[-71.6906967152749,-0.092100001043823],[-71.62789916938125,-0.051399997835361],[-71.61180114694272,-0.01269999907248],[-71.54149627688487,0.046999997821469],[-71.49710082988985,0.108099996030268],[-71.48611450092022,0.118057525419451],[-71.47000122189179,0.120700002151185],[-71.43659973168663,0.117600000534991],[-71.42970275878041,0.129199996775231],[-71.42739868208213,0.159199997601672],[-71.42099761919033,0.160300000303814],[-71.4123992915515,0.158600001745433],[-71.4013977061701,0.130199999007541],[-71.38639831608194,0.11860000226794]]]}},{"type":"Feature","properties":{"DPTO":"94","NOMBRE_DPT":"GUAINIA","AREA":72111494561.286,"PERIMETER":1882807.19,"HECTARES":7211149.456},"geometry":{"type":"Polygon","coordinates":[[[-67.68779754902683,3.860500096257574],[-67.67099762362778,3.821199893389649],[-67.65249634145857,3.740200042021496],[-67.63870239537005,3.721100092352299],[-67.60929871081346,3.701400041682611],[-67.54989624416874,3.712100028161767],[-67.53839874754684,3.72589993539198],[-67.51699829626018,3.721199989614044],[-67.50779724517851,3.712500095440832],[-67.48470306786726,3.652899979571694],[-67.46569824741185,3.632600067921796],[-67.44950104150912,3.549400090579142],[-67.41719818572575,3.48740005536567],[-67.41259766153769,3.463099956573656],[-67.41889954017161,3.45050001199547],[-67.40270233562147,3.430700064505255],[-67.34799957758032,3.401099919611188],[-67.33930206943221,3.388900041273649],[-67.32369995617235,3.335700034448412],[-67.32369995686378,3.314300059970876],[-67.34500122581699,3.269299984757581],[-67.37439728292918,3.252099990081722],[-67.38189697726555,3.241199969959075],[-67.38300323961157,3.196099995869886],[-67.4302978569536,3.196300029880929],[-67.85890198113847,2.789799928587585],[-67.85890197991694,2.751100062374297],[-67.82610321320145,2.771699905428863],[-67.78050232273074,2.779599905492834],[-67.75749969842798,2.776099920679179],[-67.72979736696466,2.749900101538773],[-67.6812973053793,2.731800078855999],[-67.61910248172487,2.729799984837763],[-67.5982971224969,2.719399928712476],[-67.59079742874172,2.6933000082678],[-67.57180023609011,2.667299985378072],[-67.5746002238955,2.599100112082702],[-67.54470062785124,2.611099958014886],[-67.5030975390529,2.604000092270039],[-67.48059845370337,2.570399998789624],[-67.45639801436954,2.556999922043495],[-67.38320160473447,2.475899935378577],[-67.3589019835425,2.459599971776409],[-67.30010223892391,2.374399900421846],[-67.28739929826317,2.363399981957398],[-67.25170136087988,2.351099968440777],[-67.2164993346349,2.299599885957415],[-67.21360016477658,2.265500068787679],[-67.2257003843717,2.253999948883212],[-67.23889923791667,2.219899892014236],[-67.24009705302227,2.201499939089934],[-67.22789764994688,2.15689992874623],[-67.21350098331996,2.134900093205231],[-67.20939636858218,2.111200094262945],[-67.18000031211372,2.064899921215562],[-67.13330078950172,2.052599906563129],[-67.13909912897148,2.037600039964795],[-67.1268997265328,1.980900048605008],[-67.14939881007446,1.934800028844689],[-67.14540100721372,1.920899987664843],[-67.117103583868,1.896000026536627],[-67.09570313227977,1.863499998480219],[-67.06459809161157,1.795799971169845],[-67.05359650477635,1.709699988397283],[-67.03050232817219,1.670300005912938],[-67.01370240074687,1.604400039479885],[-66.99069977687631,1.568500042319886],[-66.97679902037314,1.511299968481145],[-66.9542999353351,1.478199959138134],[-66.93810273102923,1.415199995531878],[-66.93060303700912,1.352800011675592],[-66.90229798285266,1.319700002189773],[-66.88390351384864,1.279800056317075],[-66.88379670206815,1.259600043425401],[-66.90460206097883,1.206500053432886],[-66.87400055932207,1.140599966856423],[-67.09300232812218,1.100999951043137],[-67.09130097156405,1.130499958818154],[-67.1069030830257,1.221300006593009],[-67.09709931200719,1.270300030190243],[-67.10350037322316,1.359899998262284],[-67.18379974976169,1.625300049501802],[-67.19709778452082,1.657699942413766],[-67.23229981068953,1.712200045545866],[-67.25540161758684,1.740000009928729],[-67.29280091038112,1.769000053084399],[-67.36560059155315,1.960500001124003],[-67.38230133508118,1.987800002308472],[-67.40709686898754,2.020800114129041],[-67.4497985880987,2.056799887605937],[-67.51090240879216,2.074399948134618],[-67.56849670768935,2.02430009905591],[-67.59329987049645,2.011199950408253],[-67.61979675610154,1.985299943868295],[-67.7143020674708,1.835500001378199],[-67.74359894051716,1.813699961348873],[-67.81569671880686,1.731999993694224],[-67.89859772082329,1.684399962883329],[-67.9263000509928,1.677000045487442],[-67.96440124684462,1.688099981284768],[-68.01570129582531,1.714300036441482],[-68.07510376155982,1.766000031925742],[-68.09989929437427,1.811100005314273],[-68.10800171047973,1.841799973784434],[-68.14369964706188,1.881199956129483],[-68.23139953750768,1.913900018527446],[-68.24459839121631,1.879299997886635],[-68.25610351721645,1.870100021538199],[-68.26999664412519,1.820500016608132],[-68.30680084403313,1.77160000845296],[-68.26650238291742,1.767899990251382],[-68.25489807295621,1.745300055448133],[-68.26470184421294,1.714200020283049],[-68.23760223551514,1.710600017748786],[-68.23300171020252,1.720999955568253],[-68.22260284593584,1.716300011207332],[-68.20760345687573,1.694300056373726],[-68.22260284572663,1.674700021691857],[-68.21109771910963,1.668300032491109],[-68.19380188141928,1.684399962275668],[-68.18969726694363,1.648000001765034],[-69.40840148964207,1.69009995476713],[-69.47180175891334,1.714100002510873],[-69.56980133011186,1.727200030655111],[-69.65740203789079,1.690600038484463],[-69.69660186742443,1.68900001112226],[-69.70700073211982,1.695999979337628],[-69.757102965667,1.698500036449302],[-69.78130340626686,1.676100015756053],[-69.82569885360613,1.660099983263995],[-69.86609649686231,1.665500044265334],[-69.92369842601126,1.692299962385473],[-70.00330352756407,1.704699992964556],[-70.0839996339857,1.758200049175732],[-70.13880157397143,1.815000056939871],[-70.17739868257951,1.824399947466959],[-70.18260192945195,1.835399985724448],[-70.18090057359319,1.868899940691133],[-70.18900299007908,1.922099947208777],[-70.13710021914541,1.935799956386579],[-70.11470031648918,1.976099968168722],[-70.11070251520367,2.016499995988576],[-70.12629699748051,2.058199883464435],[-70.12280273464985,2.069700002659718],[-70.068603514719,2.093699931860252],[-70.06060028079985,2.102900028995653],[-70.05190277106051,2.123699902516573],[-70.03179931710049,2.139199972446922],[-70.0053024291072,2.175499915265599],[-70.02369689943461,2.197499989815238],[-70.01909637367466,2.206700087410896],[-69.99780273506875,2.215300082529112],[-70.01740264853908,2.225199937405487],[-70.04100036662479,2.224699974964683],[-70.03869628922286,2.231699943670582],[-70.04740142884998,2.232300042186991],[-70.04570007327095,2.24790000845511],[-70.07849884065428,2.23009991728646],[-70.11250305268291,2.220999956921434],[-70.15059661779247,2.226900100790107],[-70.15750122164833,2.214299916972652],[-70.16439819335226,2.214299918094769],[-70.16320037926437,2.203299998421616],[-70.17359924220936,2.200999974676578],[-70.18630218592394,2.208600044598978],[-70.19490051188414,2.198800086082486],[-70.24109649672438,2.201900004524581],[-70.2376022345994,2.217499972246202],[-70.27510070873831,2.205499887726349],[-70.29869842507505,2.211999893201048],[-70.29989624080426,2.198100090840126],[-70.28890228266509,2.195699931186297],[-70.3131027228742,2.175600052120923],[-70.33789825433148,2.184999943649602],[-70.34369659388267,2.204099894427246],[-70.3587036132851,2.198299884088732],[-70.39730072076499,2.210099935603794],[-70.39610290569321,2.223299980311864],[-70.40879821724846,2.217600106947662],[-70.43530273434293,2.219500064874365],[-70.46589660625338,2.206899881870801],[-70.47160339371028,2.194200038116617],[-70.49990081815086,2.196599960694249],[-70.50620269804783,2.202399968104147],[-70.49870300302055,2.210500002324385],[-70.5096969600003,2.23600006017644],[-70.55059814487231,2.234999895598616],[-70.62729644811724,2.267600058637358],[-70.66600036678288,2.345799923131628],[-70.68730163606523,2.37470006907557],[-70.69020080505547,2.394399881676712],[-70.72660064611506,2.451699972057586],[-70.74729919520657,2.462199925420009],[-70.761199951217,2.499799967336807],[-70.7726974490716,2.503299951344361],[-70.81420135597345,2.489599942761727],[-70.83959960966418,2.493799925753991],[-70.84420013513581,2.503099918584349],[-70.83899688762371,2.511100053616786],[-70.85980224608818,2.542399883693942],[-70.50189971861575,2.746500015340723],[-70.4869995126203,2.770200013634526],[-70.42130279545621,2.794100045775812],[-70.35040283292554,2.806600094451821],[-70.3434982306075,2.828500032496931],[-70.35040283206166,2.84179997468356],[-70.34690093950825,2.853899956314374],[-70.30139923077164,2.876199959814656],[-70.27950286925756,2.911400079200084],[-70.27950286772766,2.9477999204482],[-70.29799652123708,2.984800099656411],[-70.2899017324557,2.994600058163724],[-70.27089691117017,2.992199898721603],[-70.25420379705,3.001399994103534],[-70.26399993816266,3.021600007386211],[-70.297996520491,3.032799959493953],[-70.31420135456025,3.028800011568978],[-70.31130218576294,3.039200067577713],[-70.2906036378587,3.053499936928106],[-70.28019714348189,3.075400114734145],[-70.21569824218872,3.140399932756827],[-70.21849823056935,3.148499964747451],[-70.2121963496839,3.155400037329549],[-70.19429779153387,3.145499944005291],[-70.18450164884823,3.128200054804003],[-70.17590332122468,3.128099917882733],[-70.16380310010989,3.140799999572122],[-70.16549682668104,3.165100097438935],[-70.17240142844074,3.174900055831852],[-70.16729736358931,3.184099911823959],[-70.15290069538784,3.179399967249183],[-70.13500213562406,3.157399893152085],[-70.12400054855027,3.156800030690283],[-70.12000274725487,3.164900063756408],[-70.12750244172807,3.201299905909171],[-70.1442031861839,3.212300061405478],[-70.15059661837184,3.234899998107489],[-70.10739898680183,3.247999905999628],[-70.10910034180365,3.256700038369194],[-70.13159942535404,3.266599893915509],[-70.16790008558824,3.295599936668715],[-70.17189788769281,3.307199955569161],[-70.13970184416718,3.322599887623835],[-70.13050079267612,3.32949995960239],[-70.12930297810628,3.339900016946917],[-70.11319732737742,3.349100112487549],[-70.09760284432645,3.341000079300582],[-70.0560989377239,3.372499943127393],[-70.03479766932861,3.37820005486173],[-70.01979827844625,3.364900112214266],[-70.00879669173953,3.334800005193876],[-70.00129699760257,3.329600095629705],[-69.98290252730094,3.331799984735715],[-69.94200134201735,3.357599973761876],[-69.96389770472898,3.3958001136863],[-69.95760345436953,3.418900013338272],[-69.8878021250703,3.369499921614799],[-69.8704986577893,3.370599984612463],[-69.86239624028275,3.405200004320593],[-69.88670349040828,3.46709990419383],[-69.91670227123802,3.492700099051074],[-69.91269683797427,3.504199982496397],[-69.89589691076287,3.502399921570967],[-69.88330078050451,3.49309992817991],[-69.83480071951769,3.423000097252161],[-69.82730102595615,3.416100024401258],[-69.80940246598382,3.414799928201195],[-69.80539703462419,3.419399975848896],[-69.81060027996212,3.430999994278316],[-69.84870147721654,3.477400064214505],[-69.85389709565762,3.501100062630762],[-69.84349823074284,3.512000083679713],[-69.82160186837724,3.500999926786995],[-69.80429840050056,3.461600065830836],[-69.79100036559296,3.475399971699421],[-69.79160308932323,3.507200003161846],[-69.77950286796973,3.519299983282275],[-69.72699737534124,3.507499932836634],[-69.72470092875949,3.514400006300205],[-69.74320220995823,3.539900064637661],[-69.72530365049792,3.546200037242095],[-69.71209716894006,3.540899991355436],[-69.70230102457728,3.525899887900484],[-69.6965026848773,3.491800068962524],[-69.67980194018567,3.526900053987866],[-69.66419982994248,3.537300110367996],[-69.64060211238969,3.525000095814013],[-69.62789917084473,3.53309988889286],[-69.61930084175818,3.551500081948613],[-69.61060333235041,3.543400050107455],[-69.60769653311239,3.527800082742617],[-69.59739685036133,3.532900094456853],[-69.58879852311547,3.611999987766616],[-69.59159851175097,3.631099938515715],[-69.59976196391065,3.634766101983901],[-69.58010101269885,3.641999959425906],[-69.5195999141328,3.641200064811392],[-69.50399780375896,3.635400057502654],[-69.49770355270168,3.61739993160875],[-69.46659851171779,3.673899888135118],[-69.45099639935484,3.668100118779213],[-69.42739868140023,3.633899927607682],[-69.40540313646292,3.61989998722566],[-69.37429809650256,3.62960004771668],[-69.30570220923094,3.667500018861154],[-69.28959655869743,3.66330003666672],[-69.28730010918827,3.65289998135326],[-69.30110168510728,3.619499922051108],[-69.30169677807218,3.595200061921463],[-69.26540374852472,3.612400054285033],[-69.26309966989622,3.630899906705947],[-69.27400207622297,3.664400101525617],[-69.27169799905114,3.676599979242025],[-69.24179840152435,3.66140008056819],[-69.2412033087792,3.630800009044544],[-69.21980285730602,3.635900021234244],[-69.21179962214036,3.65840005867257],[-69.19680023217879,3.650199889218613],[-69.19159698513788,3.636399984704855],[-69.16970062294973,3.641499996505774],[-69.16449737487258,3.627000093918546],[-69.19329834105967,3.601700066574879],[-69.17720031700667,3.592999935959243],[-69.11150360059402,3.635999916966045],[-69.10220336982572,3.625600099045757],[-69.09880065988749,3.60360002459108],[-69.07109832899854,3.610399961200677],[-69.06069946389962,3.593100071205832],[-69.05319976826027,3.592999935546452],[-69.01750183125314,3.62750005748078],[-68.97889709449713,3.641799926578202],[-68.93849945093324,3.632400036607868],[-68.93219757070946,3.642199993380055],[-68.94660186722164,3.690200090654343],[-68.93280029428152,3.693599939868361],[-68.9178009040961,3.671600104063444],[-68.91780090444725,3.654900074461398],[-68.85959625341228,3.642499924659864],[-68.83070373544354,3.626800061086251],[-68.82610321135022,3.63080000848353],[-68.82959747282848,3.640599966554134],[-68.85610199045826,3.680000066324206],[-68.830200196448,3.68569993931144],[-68.79440307702015,3.672800063156837],[-68.78230285617096,3.676199913341561],[-68.77369690030676,3.686000108413267],[-68.77429962191972,3.716099977231852],[-68.75640106358472,3.73160004536913],[-68.73110198987742,3.718800068291905],[-68.65499878111095,3.721899987217657],[-68.65270233165346,3.727699995668091],[-68.67459869395257,3.742199898665311],[-68.67109680200046,3.750900029576441],[-68.65440368795507,3.754300116904382],[-68.634201051397,3.72880005850652],[-68.57890319947359,3.74119997038899],[-68.55750274777925,3.724400042580442],[-68.54769897479619,3.726700068208176],[-68.54769897489341,3.735300064780866],[-68.56390380970137,3.751600026961983],[-68.56330108712471,3.762500047107142],[-68.51139831644296,3.738100052714952],[-68.50620269829011,3.742099999915147],[-68.5085983293848,3.770400046633211],[-68.48259735224278,3.791100025863113],[-68.43769836510548,3.803600072405686],[-68.4389038093279,3.825000048372791],[-68.42269897609847,3.822000026294109],[-68.39959716835934,3.804600001272785],[-68.38700103835413,3.804500103415975],[-68.38520050260831,3.822999953793881],[-68.42449951318895,3.84689998564693],[-68.42500305309363,3.865900040439292],[-68.39739990386266,3.867599965012297],[-68.37719726616295,3.860500097321027],[-68.34950256419307,3.865600109422896],[-68.35359954925427,3.914200067147215],[-68.33920288320675,3.926199912166607],[-68.33799743835017,3.941200016905721],[-68.29419708336158,3.927799939219866],[-68.2573013325696,3.928200005933471],[-68.21520233387758,3.911799907507882],[-68.20030212575055,3.917599917090409],[-68.1996994035534,3.930299998200639],[-68.22160339557674,3.947700024102149],[-68.18869781707491,3.946399927341603],[-68.16909790224648,3.93880009722617],[-68.12760162610397,3.939800024948489],[-68.12129974553832,3.931699990428207],[-68.12470245588138,3.896399975736765],[-68.1091995261422,3.897500038232102],[-68.09249878058756,3.924000024364382],[-68.07980346947656,3.925699949081616],[-68.07399749961046,3.919300078502063],[-68.07689667014378,3.895699977819974],[-68.06250000262546,3.899699926144371],[-68.05149841424382,3.937700033409417],[-68.03540039256823,3.956099987899192],[-68.02330017268673,3.951499938934615],[-68.0210037260389,3.92840004001855],[-67.93509674285666,3.902600049441065],[-67.91139984391415,3.85969996452387],[-67.89759826840017,3.860300063964095],[-67.8427963290358,3.895800113857381],[-67.83769989341047,3.906199931345433],[-67.782302858872,3.949300051593116],[-67.73220062664603,3.965300083164596],[-67.7132034333157,3.987699985582981],[-67.7090988188544,3.930500031347624],[-67.68779754902683,3.860500096257574]]]}},{"type":"Feature","properties":{"DPTO":"95","NOMBRE_DPT":"GUAVIARE","AREA":55671476686.65,"PERIMETER":1555059.349,"HECTARES":5567147.669},"geometry":{"type":"Polygon","coordinates":[[[-71.26460266194462,2.837500095807776],[-71.23519897370919,2.834500074748218],[-71.20410156316,2.849999905089673],[-71.16660308813276,2.835999965976264],[-71.1539993284238,2.83999991439788],[-71.15170288118806,2.852699994752828],[-71.12280273417268,2.837500094532411],[-71.0951995844495,2.845500708208885],[-71.05770111009556,2.826800108604781],[-71.05709838816185,2.777699948050209],[-71.02189636157303,2.802999972380172],[-71.0006027216375,2.79539990416434],[-70.96540069637453,2.795799970378527],[-70.95269775462266,2.791699886283113],[-70.9555969234807,2.75830006509414],[-70.94930267245823,2.750099896506503],[-70.93720245313747,2.760499954645035],[-70.94470214887201,2.787699937052389],[-70.94409942654053,2.811399936449013],[-70.93599700891075,2.820600033199107],[-70.92109680219066,2.812400103073821],[-70.9055023186503,2.77360010150894],[-70.8881988528696,2.763200043721719],[-70.88469696123192,2.78399991986018],[-70.87429809645693,2.793699980265008],[-70.85990142865971,2.787899971273556],[-70.86450195280212,2.763700009242579],[-70.87840271052607,2.745199917984244],[-70.86569976850512,2.74060010894639],[-70.8507003788965,2.75609993890278],[-70.78209686241823,2.75180006058229],[-70.78549957237237,2.741899966408547],[-70.80229949930076,2.73740005517049],[-70.80509948645937,2.725899935197494],[-70.7682037361769,2.729199886218559],[-70.73480224524265,2.746400117725454],[-70.72270202710877,2.74279999672587],[-70.71350097614517,2.708100079694776],[-70.69850158627844,2.713900089579766],[-70.6558990482751,2.756400108949719],[-70.66510009709489,2.782500029371003],[-70.65989685099872,2.817100048975384],[-70.64029693646748,2.807800053644571],[-70.6259002690431,2.763200044376047],[-70.61550140418848,2.757400036052318],[-70.61150360048036,2.781100034415378],[-70.6010971077039,2.798399925370266],[-70.51629638594807,2.746599912609256],[-70.50189971864076,2.746500015227869],[-70.85980224616264,2.542399884135701],[-70.83899688669092,2.511100054313447],[-70.84420013455455,2.50309991785766],[-70.83959961009387,2.493799924782343],[-70.81420135474741,2.489599942925515],[-70.77269744960913,2.503299951789907],[-70.76119995165135,2.499799967447849],[-70.74729919415537,2.462199926787481],[-70.72660064788317,2.451699972519942],[-70.69020080614736,2.394399880877135],[-70.68730163642952,2.374700068628805],[-70.66600036602152,2.345799922838638],[-70.62729644807969,2.267600060070091],[-70.55059814448605,2.234999894578717],[-70.50969696096952,2.236000060237019],[-70.49870300224731,2.210500002115428],[-70.5062026982616,2.202399968501821],[-70.49990081872818,2.196599959552382],[-70.47160339282573,2.194200038702759],[-70.46589660688682,2.206899881446396],[-70.43530273508686,2.219500065685331],[-70.40879821712224,2.217600107910693],[-70.39610290477705,2.223299980376155],[-70.39730072029292,2.210099936296782],[-70.35870361396752,2.198299884166017],[-70.34369659493545,2.204099893496761],[-70.33789825527731,2.184999942576143],[-70.31310272161134,2.175600051287217],[-70.28890228288589,2.195699929583658],[-70.29989623955397,2.198100090533724],[-70.29869842463596,2.211999893797991],[-70.27510070842725,2.205499886839599],[-70.23760223417428,2.217499971516849],[-70.24109649741347,2.201900004833304],[-70.19490051338198,2.198800086283815],[-70.1863021852575,2.208600043988902],[-70.17359924314648,2.200999974291979],[-70.16320037934895,2.203299999796038],[-70.1643981940134,2.214299917964311],[-70.15750122089322,2.214299917267555],[-70.15059661900547,2.226900101046469],[-70.11250305251279,2.220999956832894],[-70.07849884107588,2.230099915965217],[-70.04570007402492,2.247900008989733],[-70.04740142870467,2.232300043899102],[-70.03869628985228,2.231699943403896],[-70.0410003664759,2.224699973285118],[-70.01740264888238,2.225199937377985],[-69.99780273443261,2.215300083431423],[-70.0190963741751,2.206700087423739],[-70.02369690033045,2.197499990974213],[-70.00530242912735,2.175499915532177],[-70.03179931587172,2.139199971674083],[-70.05190277050137,2.123699904146857],[-70.0686035163111,2.093699932735058],[-70.12280273484163,2.069700001906211],[-70.12629699710494,2.058199882319868],[-70.11650848479916,2.032721041841435],[-70.14409637427899,2.027100087084492],[-70.19080352705681,1.99090003933043],[-70.20980072025739,1.988000035906208],[-70.21330261161854,1.979400038501921],[-70.23400116020005,1.983500004641764],[-70.29920196463296,1.976899982156494],[-70.29799652010695,1.9694000487888],[-70.33889770522505,1.951599955960793],[-70.3718032845411,1.959300040585696],[-70.42189788839887,1.942100047748578],[-70.43810272174217,1.956699967045938],[-70.4409027106778,1.945099950400929],[-70.46859741266216,1.940000057496269],[-70.46859741299656,1.925600052013091],[-70.51010131821242,1.906100035410574],[-70.53199768056498,1.911999941024862],[-70.5544967655227,1.891899943456313],[-70.62020111099864,1.891000031890308],[-70.67030334521158,1.871600032594954],[-70.70200347816811,1.867699981439176],[-70.75389862009054,1.886399985026838],[-70.75559997638192,1.874799965974096],[-70.76719665472841,1.873100041616988],[-70.77870178183166,1.884099961078813],[-70.84149932847824,1.870499968997433],[-70.86000061066652,1.877599955465905],[-70.88819885211711,1.873100041488143],[-70.89630127008968,1.879400015504943],[-70.91880035314355,1.832200050049305],[-70.95390319904759,1.799999952564326],[-71.03569793675953,1.758100032459964],[-71.08070373500027,1.752599954420693],[-71.11299896255034,1.719200015126046],[-71.1994018561116,1.689499974266159],[-71.26339721711417,1.626799940332315],[-71.28469848626727,1.625800013377445],[-71.32790374750401,1.655400038604974],[-71.39250183057109,1.683400035415967],[-71.41840362535484,1.553500056455072],[-71.42880249103898,1.536800026994476],[-71.45120239270506,1.533499956537597],[-71.45760345549942,1.525400042156549],[-71.50019836473706,1.404899955182526],[-71.49960327208153,1.375399947512677],[-71.51909637510072,1.336199999085607],[-71.52030181872452,1.315999984433313],[-71.53009796230498,1.307899952329985],[-71.53289794900542,1.279600023590373],[-71.54620361375727,1.245000005669824],[-71.5582962042656,1.227800012289026],[-71.55310058607361,1.178599954333168],[-71.53340148984391,1.158400059572271],[-71.50749969483165,1.076799988714431],[-71.53690338122841,1.076900004965894],[-71.54319763258675,1.083299993577136],[-71.5473022458051,1.118600010991043],[-71.55359649641129,1.126700043061468],[-71.5686035156,1.12790000389595],[-71.57319641064703,1.116400003815077],[-71.55940246509483,1.092599988068714],[-71.56109619137766,1.084499955894539],[-71.59159850992829,1.086400031471682],[-71.59510040253004,1.069700002502048],[-71.5876007084003,1.063300013845058],[-71.58989715488832,1.050600051064798],[-71.60720062221327,1.01479995225699],[-71.64459991487855,0.995299995487918],[-71.66760253921693,0.960200011770784],[-71.6930007930852,0.94700002655264],[-71.71489715644834,0.952899992872611],[-71.7311019900189,0.948300004558536],[-71.74549865734546,0.956499994305026],[-71.76450347959644,0.949599980987191],[-71.81109619174907,0.847000002632367],[-71.99199676544868,0.677399992075048],[-72.04499816979082,0.636600017397971],[-72.09690093993277,0.626399993193962],[-72.08419799798382,0.638499976016276],[-72.08540344316283,0.648299992334397],[-72.09459686324337,0.664499997415141],[-72.12229919465726,0.669300019245037],[-72.13899993827465,0.7045999757173],[-72.16320037901814,0.693099975114749],[-72.18340301604249,0.703000009258424],[-72.17299652172296,0.693199992746855],[-72.17710113529026,0.683399975889271],[-72.18920135553853,0.682200015089685],[-72.19550323482173,0.690900028405652],[-72.21219634950482,0.692700029302386],[-72.21920013456811,0.678300022552746],[-72.23930358972449,0.676100015021007],[-72.24510192958796,0.736800014651556],[-72.27339935311446,0.763999998463918],[-72.28029632486648,0.76349997537053],[-72.27680206302651,0.747300028247915],[-72.28140258753865,0.740999996759187],[-72.32119750950675,0.774100005386378],[-72.32299804761801,0.780399978117709],[-72.30740356501524,0.791899979459964],[-72.31549835224801,0.820800006813745],[-72.30570221017591,0.841600001347631],[-72.31259918122798,0.84969997467115],[-72.3386001590204,0.846899985820599],[-72.33679962155568,0.816900015473771],[-72.34780120919056,0.812300026756672],[-72.35870361390991,0.838900030394994],[-72.35410308748578,0.85280001101372],[-72.3650970464928,0.875899970953792],[-72.36219787506111,0.901899993460821],[-72.40599822906582,0.889900028521178],[-72.39739990231841,0.915899991180842],[-72.42389678930897,0.950100005210622],[-72.41699981729559,0.972000002641919],[-72.43029785130572,0.987100005480391],[-72.43720245396278,1.009099959462511],[-72.48449706942259,1.056100010726668],[-72.53119659435627,1.053400039762232],[-72.6119995111235,1.095299959317041],[-72.66960144118845,1.156800032517124],[-72.67600250243224,1.157400012044749],[-72.67769622718019,1.139999986275269],[-72.69850158777076,1.144700049734969],[-72.71749877971561,1.160400032906663],[-72.73880004851334,1.164000034404273],[-72.74690246531007,1.161100029719732],[-72.74919891419705,1.145499944229549],[-72.74279785161292,1.136299967989494],[-72.76589965784056,1.127099990010539],[-72.78659820636011,1.140499949643608],[-72.79239654470838,1.159000039883627],[-72.84369659489371,1.164399981972758],[-72.84429931552185,1.14999997685066],[-72.88289642270401,1.147300005500117],[-72.87539672932171,1.131000041167072],[-72.89849853504005,1.120200037151321],[-72.89790344297688,1.110299944847075],[-72.87419891283551,1.085999965799699],[-72.91049957349979,1.074000000098457],[-72.90299987710237,1.067000030995491],[-72.90129852254204,1.053200006318738],[-72.8856964104155,1.044999956945408],[-72.88230133094491,1.028800011526807],[-72.8920974724677,1.024299978980435],[-72.89900207588504,1.028300046190845],[-72.89089965743428,1.008100033330317],[-72.94680023242968,0.99680000614843],[-72.95490264980722,0.966799975280198],[-72.97100067220926,0.96219998639201],[-72.9819030759057,0.941999971513353],[-72.99870300250774,0.936900020391112],[-73.0137023929995,0.940400003919796],[-73.01599884117864,0.925400019213129],[-73.01080322291084,0.916700006055054],[-73.01879882871837,0.9103999742753],[-73.09660339339963,0.888199984520342],[-73.1508026119701,0.906899989322091],[-73.17040252695469,0.933000028149093],[-73.20159912170996,0.955699980227885],[-73.20269775331609,0.970700024717975],[-73.21199798563356,0.981700002543089],[-73.25119781446702,0.98710000585454],[-73.26329803535258,1.008499979669587],[-73.33650207567015,1.061900020352427],[-73.3942031863567,1.11650002089297],[-73.41899871759902,1.154700039985363],[-73.43689727752613,1.164600013769856],[-73.4397964478479,1.215999960375044],[-73.4553985594892,1.278499961165074],[-73.47389984072473,1.286599993556825],[-73.50099945036686,1.337000012148328],[-73.53559875514591,1.367799997189982],[-73.54370117130622,1.383399963606228],[-73.55580139075748,1.379400015793276],[-73.58689880461658,1.440700054035211],[-73.61750030439728,1.476099968701163],[-73.63539886406157,1.478500007800863],[-73.6538009648181,1.490100025274901],[-73.65039825465486,1.512099981942826],[-73.66020202636705,1.610900045117314],[-73.63300323407428,2.316600085013323],[-73.64800262391014,2.322999955025468],[-73.64800262401985,2.332900046958707],[-73.6220016474815,2.34310007122598],[-73.61630249047707,2.359899997315848],[-73.60530090395355,2.365600109538283],[-73.57710266142783,2.331399917443905],[-73.54879760763643,2.365400076149811],[-73.53330230696544,2.323100090270242],[-73.49349975645585,2.341399908967257],[-73.47850036671835,2.317699909467788],[-73.46579742358178,2.319999932434982],[-73.46469879193631,2.332099915103852],[-73.47679901068607,2.361599922322605],[-73.45659637420167,2.365600108521682],[-73.44740295497026,2.321599959520385],[-73.41220092807086,2.330699920666191],[-73.40180206248027,2.325500011509727],[-73.40579986595935,2.306400059996936],[-73.39550018286533,2.30579996128466],[-73.38800048915215,2.311500071630114],[-73.39489746014776,2.317899943068559],[-73.39489746174378,2.328900098122875],[-73.3840026859341,2.342099904218485],[-73.37419891447963,2.343800067701344],[-73.36260223319891,2.335099936094535],[-73.36900329626043,2.310300111764604],[-73.3464965823668,2.327500105224053],[-73.33380126909995,2.32229995743387],[-73.3056030264462,2.324500084363737],[-73.27559661864726,2.341700077572711],[-73.26290130683124,2.332999945409566],[-73.2537002556193,2.349100113614328],[-73.27960205038278,2.348599910276749],[-73.28079986637924,2.357899904696504],[-73.25489807158768,2.366400004257714],[-73.24330139248318,2.381400108382948],[-73.23069763099143,2.384799956559702],[-73.22370147785732,2.368599891364731],[-73.18219756993503,2.378799914944683],[-73.1764984131054,2.370199918527776],[-73.17759704637756,2.349400043370342],[-73.14299774127535,2.357899903571286],[-73.15920257528953,2.372999905791736],[-73.16380310018977,2.381700039197173],[-73.15920257512923,2.38509988764311],[-73.14360046389866,2.387900114734201],[-73.12966155934207,2.380534888164475],[-73.12799835233099,2.36529994003811],[-73.12110137867408,2.36470007976507],[-73.07620239188438,2.411299943331911],[-73.06580352708322,2.413000106577017],[-73.0520019537883,2.401999950606314],[-73.03639984180123,2.403100013044064],[-73.00640106278836,2.424299954540582],[-72.98629760736911,2.413300036990225],[-72.97760009781416,2.39010000202594],[-72.96489715573898,2.3889000413741],[-72.98509979288359,2.449100017436925],[-72.97760009752537,2.452500104642037],[-72.93779754612416,2.444200038272962],[-72.93789672839073,2.455199957614548],[-72.96900176940179,2.476099967483266],[-72.9736022956792,2.488300085251839],[-72.9545974731398,2.492300033129101],[-72.94539642282156,2.522799968311776],[-72.90619659490001,2.546400069945623],[-72.84220123372927,2.58189988143119],[-72.81279754703387,2.583499908512238],[-72.78749847342812,2.562000036643943],[-72.75399780355217,2.550299882872292],[-72.74189758301715,2.560699938934922],[-72.732101440003,2.599900007116493],[-72.7235031135968,2.602799891902556],[-72.70559692383841,2.602699994537197],[-72.69760131872897,2.59570002555416],[-72.68309783979466,2.551800012094187],[-72.67220306326355,2.560400008306255],[-72.66069793682263,2.596699953812609],[-72.6502990724409,2.597800016304149],[-72.61679840118227,2.583300113709357],[-72.59670257510506,2.58380007662567],[-72.58979797379463,2.591200112390196],[-72.58979797328304,2.60159993109404],[-72.61340332041719,2.620199918376334],[-72.61920166041662,2.635799885219905],[-72.56099700974927,2.636199950527572],[-72.5430984497339,2.650500059887704],[-72.53040313672844,2.681699992034684],[-72.4542999269578,2.679600000499308],[-72.43360137893512,2.689399957327171],[-72.36440277037545,2.745100022153509],[-72.34490203920205,2.753099918156592],[-72.29119873023377,2.751100062445569],[-72.28890228349206,2.771399974922864],[-72.27570343065295,2.777100086754062],[-72.21800231942844,2.72830009498106],[-72.20529937788575,2.728800057717142],[-72.1978988643677,2.742099999674585],[-72.21399688805944,2.775099992870042],[-72.22100067193094,2.828799962930189],[-72.18229675355413,2.833300113405452],[-72.1494979865546,2.856300116329973],[-72.10849761953942,2.808700083808919],[-72.08370208790808,2.797100067435512],[-72.03240203888011,2.792200089018292],[-72.00589752218752,2.76959991401842],[-71.96040344283546,2.789599896272304],[-71.83470153805192,2.806400060757657],[-71.82319641040849,2.810400009850864],[-71.81459808258569,2.822499991269693],[-71.78690338183122,2.813699960601016],[-71.79039764476678,2.835099935701457],[-71.78230285606885,2.858200073667352],[-71.73040008506213,2.823899985020478],[-71.71189880331035,2.818599939939507],[-71.68949890103107,2.829499960473253],[-71.67620086701355,2.826499938587602],[-71.67790222106618,2.807499885701822],[-71.59670257494444,2.811199902920294],[-71.59089660600797,2.823299884385399],[-71.56320190358056,2.826100111028486],[-71.5516967769963,2.834700107044776],[-71.49639892564196,2.826400041790135],[-71.47619628966478,2.84940004414872],[-71.41850280830353,2.816800117392513],[-71.39550018303659,2.816099881756977],[-71.39089965777772,2.840399980262374],[-71.3816986079979,2.8501999384398],[-71.37239837687298,2.846600055011195],[-71.36840057307607,2.833300112821675],[-71.32399749817523,2.877599955308325],[-71.31189727839792,2.869499922144622],[-71.30439758388553,2.848700045620745],[-71.28939819319088,2.838200091663488],[-71.26460266194462,2.837500095807776]]]}},{"type":"Feature","properties":{"DPTO":"97","NOMBRE_DPT":"VAUPES","AREA":53087838626.98,"PERIMETER":1666564.449,"HECTARES":5308783.863},"geometry":{"type":"Polygon","coordinates":[[[-70.11299896201248,1.985299944430301],[-70.11930084192473,1.962800025240155],[-70.1371002203097,1.935799957125332],[-70.18900299059086,1.92209994857875],[-70.17739868149242,1.824399947354397],[-70.13880157472369,1.815000056955201],[-70.08399963318581,1.758200048665263],[-70.00330352743023,1.704699993095829],[-69.92369842504989,1.692299961715269],[-69.86609649724089,1.665500044900953],[-69.85449981654315,1.667099952188175],[-69.85299682692052,1.041000008115631],[-69.83339691187625,1.033400059129137],[-69.76830291804626,1.068400024888381],[-69.7325973515508,1.068199992839875],[-69.71990203793753,1.062999963577475],[-69.71929931724513,1.041599989088177],[-69.69329833944178,1.043200016413299],[-69.6686019903332,1.055199980526517],[-69.63400268573946,1.054499983033216],[-69.59069824317163,1.035300016715149],[-69.51000213709635,1.039499997639131],[-69.46559905955641,1.014500022404518],[-69.41089630096782,1.023000002554978],[-69.36820220929911,1.040699959506314],[-69.32900238084108,1.032999992159895],[-69.23619842500672,0.982400000054409],[-69.23100280816574,0.966199993396969],[-69.23210144012641,0.920000017054075],[-69.21829986583491,0.90549999492903],[-69.19920349197588,0.901899993553762],[-69.19920349203203,0.892099976253002],[-69.2125015266735,0.89160001228097],[-69.20960235624047,0.869599997806902],[-69.18360137955004,0.847000003309543],[-69.17330169661315,0.820399999093375],[-69.19339752241399,0.78350001491906],[-69.18530273395463,0.766700029586187],[-69.18470001267167,0.721599996676136],[-69.2060012822544,0.691699981556303],[-69.19799804762054,0.665700017636889],[-69.16739654643713,0.651099980537006],[-69.15119934134775,0.634899973467785],[-69.14369964621801,0.603100002457112],[-69.15119934165214,0.597299992724164],[-69.21579742488335,0.598200023802801],[-69.23020172222773,0.568199991722334],[-69.24109649730205,0.565299987477933],[-69.29299926862193,0.567300021934117],[-69.31490326031137,0.601999998320689],[-69.39099884035605,0.584500015469731],[-69.4112014764825,0.617999970097294],[-69.4943008421422,0.684800028324394],[-69.5207977303169,0.684899985939248],[-69.55709838953199,0.639999985769801],[-69.62390136752768,0.60329997522118],[-69.62329864573351,0.591199994494879],[-69.62850189172903,0.587800025172657],[-69.64929962181523,0.58730000248402],[-69.65850067225257,0.594200015596976],[-69.66719818152181,0.615100026580459],[-69.67810058665015,0.614499986111707],[-69.73169708255563,0.602100015291522],[-69.7386016850055,0.597500025508005],[-69.74030303985077,0.573800027434405],[-69.74900054864246,0.566299974422613],[-69.81639862050389,0.539499998177583],[-69.91149902420895,0.535799980578834],[-69.9356994626253,0.531300008339366],[-69.94899749828011,0.518100023898137],[-70.00029754594631,0.519999981707389],[-70.0360031132294,0.495299995705894],[-70.05329895068601,0.491299986096313],[-70.06909942686607,-0.154400006360585],[-70.02980041471557,-0.221499994766916],[-70.03160095223043,-0.237700000713187],[-70.02120208823212,-0.256199986345883],[-69.92079925605854,-0.369300008419236],[-69.87819671670064,-0.365999996979523],[-69.8643035893305,-0.37070000234729],[-69.82109832848006,-0.417100011633071],[-69.77549743661748,-0.432900011366453],[-69.72530365057162,-0.486200005270562],[-69.63130187951768,-0.52880001136938],[-69.62560272281796,-0.536899983655982],[-69.61979675260962,-0.576799989064022],[-69.60420227143115,-0.612100005430756],[-69.6029968270238,-0.643800020325679],[-69.59089660672177,-0.675100029008058],[-69.59950256332556,-0.70679998330287],[-69.61049652089727,-0.713100016724534],[-69.62079620452019,-0.733900011188724],[-69.63289642352319,-0.777700006680465],[-69.55619812064388,-0.87800002055974],[-69.53430175746583,-0.91960000958514],[-69.52960205050134,-0.956600009757041],[-69.48930358827717,-0.987999975598158],[-69.47660064650246,-1.013499974739894],[-69.44950103836467,-1.040199995824543],[-69.44770050099032,-1.071900009858674],[-69.43329620330381,-1.08870005556944],[-69.4362030024607,-1.11530006004984],[-69.45919799852248,-1.116899967938713],[-69.47589874241278,-1.127799988000861],[-69.48860168545988,-1.128399967488982],[-69.49030303955811,-1.141100048335053],[-69.47589874331999,-1.166499972729472],[-69.47470092777094,-1.181599974532985],[-69.48049926770399,-1.189000011154544],[-69.49379730211858,-1.190099955295019],[-69.47820282001061,-1.216799974959336],[-69.477600097786,-1.233000040127108],[-69.48680114747062,-1.251999974007328],[-69.51100158779398,-1.250699997058587],[-69.54850006044065,-1.226300000846827],[-69.57160186814806,-1.223299980480492],[-69.5905990600912,-1.201900006157946],[-69.6147994994999,-1.205800056685007],[-69.63040161094771,-1.217900037928309],[-69.63899993862674,-1.23230004374357],[-69.63960266077699,-1.257699966941718],[-69.67130279633538,-1.258700013471014],[-69.68689727747258,-1.230900048632013],[-69.679397582644,-1.18819999704181],[-69.6834030151688,-1.173200011322973],[-69.67819976823111,-1.164000033966813],[-69.66790008590405,-1.164000034586336],[-69.65979766827087,-1.154800057956302],[-69.66329956053077,-1.143800020358724],[-69.68460083066252,-1.123499989901034],[-69.7024993899437,-1.093400002288298],[-69.73190307590549,-1.072499990449466],[-69.7606964110631,-1.069499968793181],[-69.78150176986938,-1.081500054094801],[-69.76820373546873,-1.09140002770227],[-69.76419830382552,-1.116799950436577],[-69.7427978517624,-1.124999999739089],[-69.75150299073903,-1.137099981911048],[-69.78610229541519,-1.130599975044013],[-69.8246994021271,-1.069200038738507],[-69.84600067080312,-1.076599954762646],[-69.87660217364683,-1.110599994294967],[-69.96250152610365,-1.131600022958628],[-69.97460174570016,-1.119400024909165],[-69.96880340664168,-1.105599999224894],[-69.95089721755406,-1.092300057890514],[-69.94290161210566,-1.06229996649508],[-69.95040130547976,-1.041499972896356],[-69.94180297823755,-1.026499986000968],[-69.91349792452343,-1.0121999975199],[-69.94809722855862,-0.985499978754092],[-69.95909881567353,-0.983699977661856],[-69.97519683918341,-0.998700023213817],[-69.99999999987358,-1.007799982568848],[-70.01210021967678,-0.980000019542175],[-70.02940368735136,-0.967800020811376],[-70.03690338144933,-0.975300013536584],[-70.03520202618603,-0.999599992411577],[-70.04669952448869,-1.010499954932271],[-70.07669830312028,-0.986100018383899],[-70.136596680414,-1.021100044570532],[-70.14469909626482,-1.032600045751326],[-70.14240264817838,-1.051100015750418],[-70.12390136672148,-1.058099985100541],[-70.0939025883757,-1.051900029726142],[-70.0835037235786,-1.082499980304334],[-70.12619781550262,-1.099099992903759],[-70.13880157404073,-1.136600017508437],[-70.15090179375164,-1.149299978831039],[-70.16649627656918,-1.144600033184559],[-70.18900299019822,-1.104599952139561],[-70.2201995845684,-1.096400022188124],[-70.22419738717593,-1.085399985901752],[-70.20230102538102,-1.052600025332858],[-70.19539642351326,-1.024299979390406],[-70.20059967113497,-1.016800046503328],[-70.22019958435745,-1.016700029358666],[-70.23110199026877,-1.025300026524044],[-70.23919677659144,-1.034500003555523],[-70.2415008550876,-1.054200053256791],[-70.26920318616617,-1.054000020488824],[-70.29399871902567,-1.021000027802093],[-70.29979705872196,-0.999000012875334],[-70.29109954759147,-0.981700002582929],[-70.26460266074285,-0.976700007454804],[-70.23930358954993,-0.932299971651077],[-70.23580169602761,-0.913800001623465],[-70.2422027582445,-0.893599986599104],[-70.27680206270712,-0.857599973432982],[-70.28949737599984,-0.810199975149746],[-70.2583999627871,-0.781499981230247],[-70.26709747324064,-0.634699999477007],[-70.27459716809382,-0.611599982602196],[-70.2941970817608,-0.59990000696111],[-70.31210327181581,-0.623499989229617],[-70.31670379579882,-0.607900023615288],[-70.31150054920869,-0.586600005305356],[-70.29190063496071,-0.560100019217591],[-70.23780059835866,-0.511799990820995],[-70.2238998413954,-0.518800019775895],[-70.20780181842252,-0.511900006925431],[-70.20899963462115,-0.489399999405945],[-70.25389862009227,-0.478799998186883],[-70.28849792551017,-0.458400010704969],[-70.2994995124543,-0.457800000789666],[-70.3155975346001,-0.480800002177686],[-70.33409881568797,-0.479600012126472],[-70.36399841280236,-0.492199987231463],[-70.36350250237598,-0.498600005825957],[-70.32769775390906,-0.518899977112739],[-70.36799621582995,-0.525699973858826],[-70.39459991453899,-0.502499997099261],[-70.45909881597542,-0.521300018105552],[-70.46089935282995,-0.485399991319952],[-70.48919677814732,-0.442000001719149],[-70.52380371118407,-0.407200008075907],[-70.56410217236272,-0.400099993357675],[-70.56240081814987,-0.407599985674471],[-70.58429717937435,-0.417899995352087],[-70.59580230758324,-0.413199990781565],[-70.64250183142437,-0.36340001166288],[-70.65930175796834,-0.363299994994276],[-70.67079925513667,-0.379400015481273],[-70.70590209988325,-0.353899985788685],[-70.7636032099081,-0.325300008554394],[-70.78440093996181,-0.341399997467517],[-70.7964019771675,-0.372000008149513],[-70.81430053739507,-0.381700008717802],[-70.85179901194137,-0.388500004245448],[-70.87599945012927,-0.351999998575966],[-70.90019989031971,-0.339199990432626],[-70.89620208781024,-0.290100007480443],[-70.90139770572551,-0.276199996276948],[-70.91529846120244,-0.245000005380321],[-70.94010162336357,-0.223499998735454],[-70.95909881575311,-0.188800007065632],[-70.94529724177977,-0.165700004061133],[-70.92510223321563,-0.165800004981506],[-70.91819763146391,-0.153699993263452],[-70.95050048764203,-0.112599999122166],[-70.96150207563669,-0.087099999859907],[-71.01679992747886,-0.045800000419865],[-71.02780151377405,-0.042899999147276],[-71.04969787671438,-0.050299998723892],[-71.04850006067569,-0.063000000611792],[-71.05429840134386,-0.070000000272385],[-71.07160186731323,-0.053100000724328],[-71.06759643566812,-0.037500001536026],[-71.117698669349,-0.028700000429211],[-71.12930297849152,-0.022799999910479],[-71.1326980584176,-0.004900000535959],[-71.14600372301898,-0.0002999994095],[-71.15229797323174,-0.008300000141753],[-71.1639022831026,-0.008299999119649],[-71.19499969439903,0.057700001310899],[-71.22100067126247,0.064199999050518],[-71.22329711884291,0.05669999924199],[-71.23880004822682,0.057900000388356],[-71.2498016358241,0.028500000263236],[-71.27919769298701,0.032699999057402],[-71.29699707034194,0.046000000438835],[-71.30629730292549,0.040300000713046],[-71.31659698471456,0.044399999095384],[-71.33219909625122,0.074500001371368],[-71.35130309998036,0.090700000027102],[-71.35880279534686,0.124799996726073],[-71.36910247777838,0.131200000043778],[-71.37609863309481,0.111599996180647],[-71.40139770570978,0.130199998708847],[-71.41239929278984,0.158600002519274],[-71.42739868234726,0.159199998479412],[-71.42970275863495,0.129199996441866],[-71.43659973180614,0.117600002067837],[-71.48611450198295,0.11805752660914],[-71.47689819345052,0.134599998005313],[-71.48789977977503,0.148499995101898],[-71.49539947477707,0.128900007129265],[-71.51149749765423,0.115599997479169],[-71.51329803448554,0.119699999839805],[-71.5173034667761,0.105300001653635],[-71.54440307659317,0.092699997659225],[-71.55590057317542,0.096199996135817],[-71.54789733945636,0.140100002727551],[-71.55940246568662,0.145899996704278],[-71.60260009842744,0.143800004682508],[-71.58020019538091,0.171399995533823],[-71.58070373502659,0.1800999942652],[-71.6153030391773,0.160600006681487],[-71.65100097625589,0.156100004635569],[-71.63030242895057,0.195899993739523],[-71.64820098913182,0.193000004403529],[-71.65570068406427,0.179800004014625],[-71.67759704653537,0.183300003701789],[-71.73410034140545,0.247700005611358],[-71.73529815602818,0.25459998926324],[-71.72260284408087,0.26210001167716],[-71.72260284392341,0.28810000439998],[-71.76010131786207,0.26170000407392],[-71.76809692411501,0.264600008962884],[-71.76989746037226,0.293500005479319],[-71.78890228219717,0.294099986415407],[-71.80329895076738,0.309799998223399],[-71.78549957356422,0.331099986663937],[-71.80850219667784,0.32890000901232],[-71.82579803510039,0.33649998837199],[-71.81539916980647,0.324299991009083],[-71.81770324733968,0.315100014260002],[-71.85919952363398,0.315200001519714],[-71.84950256402712,0.344099998162406],[-71.85870361400802,0.364300011964409],[-71.83910369862856,0.371199994999943],[-71.86789703401017,0.404799998385376],[-71.8991012578343,0.40439999124408],[-71.9313964844841,0.424699992450103],[-71.92389678889143,0.431600004274296],[-71.92559814502663,0.441399992213831],[-71.94580078101093,0.455399990468916],[-71.94460296648573,0.465799987079037],[-71.92970275884373,0.480699985902796],[-71.94580078149512,0.493499994457654],[-71.9458007812236,0.519500017104275],[-71.95850372325346,0.531700015166304],[-71.95970153807805,0.546700001062641],[-71.97290039105334,0.539799988289493],[-71.96019744896174,0.51090001981641],[-71.96890258839316,0.508599996690341],[-71.99250030532087,0.528400003424347],[-72.00229644738957,0.528999983728492],[-72.01679992674904,0.567200004769934],[-71.99770355229124,0.600600004824052],[-72.01159668041474,0.602400004757054],[-72.01509857153255,0.628400027036111],[-72.04219818134395,0.638899982327254],[-71.99199676547919,0.677399993635664],[-71.811096192162,0.847000003572773],[-71.76450347924526,0.949599980631894],[-71.74549865748477,0.956499993256426],[-71.73110198907327,0.948300003666108],[-71.71489715643698,0.952899992836507],[-71.6930007933565,0.947000026656117],[-71.66760253872594,0.960200011910325],[-71.64459991443196,0.99529999504831],[-71.60720062199707,1.014799951722559],[-71.5898971555062,1.050600052349818],[-71.58760070827056,1.063300014164873],[-71.59510040258509,1.069700003475684],[-71.59159851127104,1.086400031703525],[-71.56109619197787,1.084499955075443],[-71.55940246517038,1.092599987221616],[-71.57319641143732,1.116400003677128],[-71.56860351620014,1.127900004694641],[-71.55359649734312,1.12670004345094],[-71.54730224643829,1.11860001093845],[-71.54319763252117,1.083299994094423],[-71.53690338118417,1.076900004972523],[-71.50749969453118,1.076799988666334],[-71.53340148977942,1.158400059481401],[-71.55310058563178,1.178599953042931],[-71.5582962034804,1.22780001223714],[-71.5462036127169,1.245000004666695],[-71.53289794881371,1.279600024338205],[-71.5300979607093,1.30789995223725],[-71.52030181825121,1.315999984901127],[-71.51909637477692,1.33619999889519],[-71.49960327210997,1.375399946379358],[-71.50019836347167,1.404899955218795],[-71.45760345537055,1.525400042621984],[-71.45120239318364,1.533499955971594],[-71.4288024902072,1.536800027499973],[-71.41840362483013,1.553500055843314],[-71.39250183074427,1.683400034503407],[-71.32790374753904,1.655400038587564],[-71.28469848701107,1.625800014237108],[-71.26339721702492,1.626799941541281],[-71.19940185501723,1.689499974248397],[-71.11299896274969,1.719200014334065],[-71.08070373562488,1.752599954614002],[-71.0356979375873,1.7581000335619],[-70.95390319895067,1.799999951561563],[-70.91880035402565,1.83220005105881],[-70.89630126887393,1.879400015636346],[-70.88819885330959,1.87310004273916],[-70.86000061043042,1.877599953985797],[-70.84149932787507,1.870499968330058],[-70.7787017827084,1.88409996083453],[-70.76719665462234,1.873100042462319],[-70.75559997530848,1.874799967019724],[-70.75389862051044,1.886399983669896],[-70.70200347947328,1.867699981176744],[-70.67030334509356,1.871600031274337],[-70.6202011110617,1.891000032546659],[-70.55449676561292,1.891899943467973],[-70.53199768094746,1.911999940517725],[-70.5101013178157,1.90610003485916],[-70.46859741287828,1.925600051547775],[-70.46859741212332,1.94000005647652],[-70.44090270946079,1.945099949479079],[-70.43810272158278,1.956699966625561],[-70.42189788748743,1.942100048849345],[-70.37180328373395,1.959300041023923],[-70.33889770506411,1.951599955447858],[-70.29799652060092,1.969400048037002],[-70.29920196517192,1.976899981501315],[-70.23400115974707,1.983500004198575],[-70.2133026119793,1.979400038129925],[-70.20980071953792,1.988000034848699],[-70.19080352840754,1.990900038851333],[-70.14409637461058,2.027100086547905],[-70.12740325950368,2.03279995918129],[-70.11360168433822,2.032700061831222],[-70.11299896201248,1.985299944430301]]]}},{"type":"Feature","properties":{"DPTO":"99","NOMBRE_DPT":"VICHADA","AREA":100055282904.151,"PERIMETER":1781121.957,"HECTARES":10005528.29},"geometry":{"type":"Polygon","coordinates":[[[-67.79689789011788,6.279500008217281],[-67.7680969273321,6.271900177566081],[-67.71050262780894,6.27159976998793],[-67.59110260413465,6.256100177355921],[-67.50350189532817,6.195700167784183],[-67.51039886876757,6.159900188756694],[-67.52590179874579,6.125899792078301],[-67.508598331894,6.058199881786528],[-67.47740173653696,6.029799938474165],[-67.46189880798465,6.006599903398842],[-67.45899963784936,5.985199928487906],[-67.60130310454456,5.835100172920291],[-67.62259674490205,5.805699824841746],[-67.63749695083949,5.745100020418126],[-67.65070343418947,5.644100189397849],[-67.6523971589093,5.589200020017658],[-67.63569641405724,5.522699833358492],[-67.6518020657279,5.477700233415675],[-67.67710113920731,5.437399863351031],[-67.79119873291452,5.371500014183782],[-67.84649658410446,5.32779979730707],[-67.89150238192448,5.245999813629819],[-67.8902969390023,5.230899810513667],[-67.87239837882586,5.20539999060811],[-67.86260223621692,5.17420005769794],[-67.86139679198484,5.143599987243954],[-67.87930298145591,5.117700099480653],[-67.85269928247743,5.065599918502222],[-67.84809875828634,5.03779983486494],[-67.83540344531758,5.032000064870847],[-67.83540344523936,5.012400150106048],[-67.86530304212343,4.920100211390812],[-67.88079834218112,4.834099768971019],[-67.87220001567832,4.773399829822916],[-67.87439728069353,4.722599983613886],[-67.87899780553903,4.686800002187014],[-67.88770294494181,4.671800136454947],[-67.91639709639259,4.550600052392189],[-67.90029907438294,4.501999855513012],[-67.88289642633447,4.471300124493998],[-67.84549713321285,4.443999767361771],[-67.81719970960323,4.382100105686481],[-67.81199646298366,4.327799797457247],[-67.82109833020698,4.262000084475489],[-67.8159027121258,4.182799816052175],[-67.74780273811537,4.073900222865689],[-67.73799896502405,4.056000232418403],[-67.73690033266223,4.031700133951098],[-67.71379852677158,3.997499942351447],[-67.71320343362484,3.987699985800767],[-67.73220062615522,3.96530008341538],[-67.78230285980571,3.949300050952682],[-67.8532028217505,3.88779997867402],[-67.90570068585365,3.859699963978942],[-67.91139984369666,3.859699963618072],[-67.93509674382373,3.902600049584338],[-67.97429657232267,3.911999941210712],[-67.99040222360946,3.923000096551933],[-68.0122985861912,3.923700093446649],[-68.02100372580165,3.928400039285609],[-68.02330017356479,3.95149993903367],[-68.03540039298821,3.956099987401136],[-68.0514984158683,3.937700033354476],[-68.0625000012194,3.899699925667761],[-68.07689666979633,3.895699977590223],[-68.07399749917761,3.919300079194513],[-68.07980346861937,3.925699949615846],[-68.09249878142163,3.924000025435528],[-68.10919952638652,3.897500037728078],[-68.12470245560559,3.896399975463592],[-68.12129974471823,3.931699990336959],[-68.1276016252456,3.939800023385486],[-68.16909790208736,3.938800096269742],[-68.18869781675026,3.946399927209269],[-68.22160339466362,3.947700022887618],[-68.19969940387718,3.930299996641649],[-68.20030212520247,3.917599916514414],[-68.2152023331278,3.911799906702127],[-68.25730133249809,3.928200006891373],[-68.29419708412084,3.927799940729705],[-68.33799743802125,3.941200017416031],[-68.33920288172533,3.926199912913435],[-68.35359954886515,3.914200067481685],[-68.34950256503144,3.86560010870785],[-68.37719726732183,3.860500096975716],[-68.39739990383562,3.867599963291679],[-68.42500305241492,3.865900040423241],[-68.42449951267955,3.846899985979726],[-68.38520050223218,3.822999953363827],[-68.38700103856141,3.804500102738326],[-68.39959717006322,3.804600000431267],[-68.42269897500925,3.822000026640727],[-68.43890381050736,3.825000048199579],[-68.43769836468955,3.803600073287948],[-68.48259735214461,3.791100024296293],[-68.5085983284242,3.770400046564839],[-68.50620269876711,3.742099999855803],[-68.51139831699574,3.738100052246459],[-68.56330108828041,3.762500048086949],[-68.5639038103209,3.751600026984712],[-68.54769897578929,3.735300064849166],[-68.54769897643102,3.726700067458316],[-68.55750274790512,3.724400042968413],[-68.5789031987092,3.741199969501193],[-68.63420105005537,3.728800057458379],[-68.65440368769772,3.754300117646565],[-68.67109680178572,3.750900030383272],[-68.67459869552908,3.742199896872744],[-68.65270233213334,3.727699995632594],[-68.65499877970744,3.721899987068405],[-68.73110199032537,3.718800068351155],[-68.75640106360798,3.731600045981581],[-68.77429962298564,3.716099978309803],[-68.77369690060735,3.686000109348691],[-68.78230285785199,3.676199913718118],[-68.79440307662752,3.672800064075655],[-68.83020019549555,3.685699940302016],[-68.85610199085365,3.680000066803487],[-68.82959747449084,3.640599966412693],[-68.82610321156643,3.63080000888416],[-68.83070373593752,3.626800060495771],[-68.85959625277589,3.642499924030406],[-68.9178009044597,3.654900074644376],[-68.91780090425651,3.671600102617168],[-68.9328002926691,3.693599938430331],[-68.94660186802527,3.690200090745388],[-68.93389892574412,3.635900020946176],[-68.94490051391892,3.632400035045199],[-68.97889709612986,3.641799927187467],[-69.0175018306221,3.627500057848594],[-69.0531997683841,3.5929999357697],[-69.0606994636091,3.593100070595441],[-69.07109832746312,3.610399962074159],[-69.09880065899856,3.603600025788924],[-69.10220337038533,3.625600099532265],[-69.11150360158639,3.635999918527788],[-69.17720031723512,3.592999934492445],[-69.19329833961912,3.601700067567501],[-69.16449737510025,3.627000093444358],[-69.1697006223323,3.641499996143092],[-69.19159698500144,3.636399983598183],[-69.19680023248553,3.650199890384396],[-69.21179962162307,3.65840005834312],[-69.21980285641041,3.635900020008043],[-69.2412033083767,3.630800008911777],[-69.24179840103513,3.661400080105609],[-69.27169799886418,3.676599980202862],[-69.27400207545617,3.664400100188301],[-69.26309967122458,3.630899905675555],[-69.26540374847806,3.612400054233817],[-69.30169677844155,3.595200061489533],[-69.30110168551231,3.619499921619457],[-69.28730010962525,3.652899980648811],[-69.28959655771169,3.663300037974869],[-69.30570220897285,3.667500019479512],[-69.39679718062908,3.619899988734112],[-69.42739868212811,3.63389992729188],[-69.44010162452692,3.657000065417501],[-69.46659851115047,3.673899888632082],[-69.4977035524513,3.617399930252263],[-69.50399780248993,3.635400056667448],[-69.51959991503493,3.641200065234751],[-69.58010101412962,3.641999959508813],[-69.59976196283304,3.634766101622407],[-69.59159851140052,3.631099939159911],[-69.58879852265703,3.611999988448715],[-69.59739685027112,3.532900094848275],[-69.60769653420495,3.527800083808131],[-69.6106033324183,3.543400048330125],[-69.61930084211463,3.551500082215368],[-69.62789916957465,3.533099889113071],[-69.6406021116042,3.525000095599073],[-69.6641998286871,3.537300110260915],[-69.67980194142243,3.526900052810392],[-69.69650268501478,3.491800070468015],[-69.70230102559131,3.525899886199305],[-69.7120971679036,3.540899992294385],[-69.72530365075663,3.54620003780113],[-69.74320220885157,3.539900064025219],[-69.72470092754186,3.514400005562176],[-69.72699737606118,3.507499933597878],[-69.77950286879847,3.519299984786306],[-69.79160308832444,3.507200003476306],[-69.79100036550265,3.475399970317745],[-69.80429840049906,3.461600066006409],[-69.82160186700807,3.500999927298834],[-69.84349823092413,3.512000084444359],[-69.85389709550745,3.501100063534951],[-69.84870147723619,3.477400063952753],[-69.8106002807926,3.430999994748152],[-69.80539703354735,3.419399976752801],[-69.809402465462,3.414799927819477],[-69.82730102496976,3.416100024901859],[-69.8348007209094,3.423000097752547],[-69.88330078148441,3.493099927803374],[-69.89589691116609,3.50239992128374],[-69.9126968380519,3.504199981549514],[-69.91670227060278,3.492700100320185],[-69.88670349192405,3.467099904153653],[-69.8623962400241,3.405200004396971],[-69.87049865703034,3.370599984858663],[-69.8774032595427,3.366600037151098],[-69.91429901200549,3.385200023073764],[-69.95760345537575,3.418900012827408],[-69.96389770451849,3.39580011363536],[-69.9420013431483,3.357599973589346],[-69.98290252680324,3.331799983493852],[-70.00129699725761,3.329600096490902],[-70.00879669237277,3.334800005397935],[-70.01979827884225,3.364900111631826],[-70.03479766896483,3.378200054537805],[-70.05609893720315,3.372499942695899],[-70.09760284464372,3.341000079531488],[-70.11319732695775,3.349100112804314],[-70.12930297850417,3.339900016945891],[-70.13050079330311,3.329499960161272],[-70.139701843357,3.322599887732243],[-70.17189788772997,3.30719995476274],[-70.16790008475343,3.295599938135532],[-70.13159942576496,3.266599894043894],[-70.10910034222158,3.25670003939697],[-70.10739898656283,3.247999905959147],[-70.15059661820588,3.234899997158149],[-70.14420318590989,3.212300061464354],[-70.12750244165372,3.201299905945055],[-70.12000274617579,3.164900064907769],[-70.12400054861675,3.156800032306962],[-70.13500213636702,3.157399892637896],[-70.15290069664202,3.179399967134112],[-70.16729736349252,3.184099913422426],[-70.17240142764048,3.174900055333067],[-70.16549682549426,3.165100097725805],[-70.16380310083917,3.140799999627897],[-70.17590331999993,3.128099918768387],[-70.18450164871369,3.128200054117525],[-70.19429779024132,3.145499945075718],[-70.21219635082164,3.155400036909735],[-70.21849822960596,3.148499966228081],[-70.21569824310228,3.140399933613027],[-70.28019714409349,3.075400114960856],[-70.29060363749052,3.053499937416414],[-70.31130218453757,3.039200066705144],[-70.3142013544906,3.028800010553873],[-70.29799652078243,3.032799958891527],[-70.26399993905044,3.021600008032829],[-70.25420379647805,3.001399994133654],[-70.27089691198982,2.992199897710492],[-70.28990173361846,2.994600057511094],[-70.29799652097856,2.984800100393157],[-70.27950286877932,2.947799921007504],[-70.27950286795435,2.911400079837679],[-70.30139923021106,2.8761999615994],[-70.3469009399707,2.853899956302837],[-70.35040283231793,2.841799975092363],[-70.34349822957975,2.828500032408553],[-70.35040283208666,2.806600094690318],[-70.4213027947057,2.794100046768871],[-70.48699951155426,2.770200013512687],[-70.5018997200527,2.746500015130958],[-70.51629638731416,2.746599913253955],[-70.6010971076386,2.798399925661241],[-70.61150360028341,2.781100033956059],[-70.61550140294302,2.757400036282739],[-70.62590026810189,2.763200044130042],[-70.64029693650743,2.807800053809624],[-70.65989684977899,2.817100048689388],[-70.66510009736942,2.782500029369072],[-70.65589904865229,2.756400109135589],[-70.69850158640944,2.713900088773423],[-70.7135009767014,2.708100080004169],[-70.72270202715933,2.742799997611484],[-70.73480224527773,2.746400117095739],[-70.76820373457555,2.729199885790675],[-70.80509948708165,2.725899934352148],[-70.8022995001408,2.737400054031326],[-70.78549957190054,2.741899967153932],[-70.78209686347766,2.751800060927691],[-70.85070037843877,2.756099939230248],[-70.86569976794044,2.740600109045659],[-70.87840270984776,2.745199918732032],[-70.86450195231514,2.763700008622278],[-70.85990142763156,2.787899970630235],[-70.87429809616935,2.793699979926221],[-70.88469696089375,2.783999920179704],[-70.88819885171668,2.763200045342918],[-70.90550231884573,2.773600102333796],[-70.92109680105081,2.812400103206504],[-70.93599700968052,2.820600032549721],[-70.9440994254235,2.811399935793951],[-70.94470214775177,2.787699938188138],[-70.93720245325997,2.760499954041934],[-70.94930267343881,2.750099896851537],[-70.95559692327163,2.758300065491949],[-70.95269775369722,2.791699885763231],[-70.96540069579245,2.795799970278852],[-71.00060272135207,2.795399904664139],[-71.02189636206647,2.802999973427777],[-71.05709838916962,2.777699948014153],[-71.05770111074767,2.826800107151684],[-71.09519958527817,2.845500706982291],[-71.0978012084896,3.343400001441972],[-71.07489776609465,4.672399998234297],[-71.08540344294329,4.863100052142994],[-71.02369689983567,4.933899879185451],[-70.98750305189621,5.03539991434053],[-70.96330261315751,5.073400019789377],[-70.95410156203533,5.082600116083811],[-70.89530181881133,5.093299865497253],[-70.86759948743374,5.105299949023054],[-70.8358993530272,5.149099826553048],[-70.73970031783799,5.208199978462532],[-70.69709777888524,5.2680997854482],[-70.69249725320564,5.32180023217158],[-70.54789733962946,5.423399924440211],[-70.50119781496765,5.468299865180636],[-70.39109802249475,5.528500079774073],[-70.2959976200856,5.532700061417078],[-70.23950195317832,5.54460000999902],[-70.22109985333393,5.55840015357828],[-70.18820190394118,5.565800190109799],[-70.14150238128961,5.588099955723396],[-70.12830352822253,5.598400115326531],[-70.12599945082282,5.618100165841655],[-70.11620330813534,5.633600234685977],[-70.05049896324174,5.654099941289926],[-70.04709625305367,5.694600106154012],[-70.00330352797819,5.741199970760518],[-69.99870300248598,5.763100146831862],[-69.97109985359678,5.817800045578272],[-69.9422988889768,5.857600211246153],[-69.93820190347212,5.875999926939781],[-69.8916015621714,5.926700115120599],[-69.8824005121301,5.954899787447148],[-69.85299682532904,5.99060010870871],[-69.84609985367878,6.009099960071143],[-69.80570221009708,6.000299930684814],[-69.78379821780078,6.008800028916777],[-69.71289825436727,5.991199969748934],[-69.6230010983083,5.988500118103673],[-69.5417022705154,6.017600060177307],[-69.48059844910779,6.021999836727836],[-69.45179748594042,6.040400028737685],[-69.44254302956062,6.065612792291552],[-69.44707489040242,6.068870543912326],[-69.36540222118666,6.104100226595426],[-69.32900238095955,6.051400185318655],[-69.30829620424737,6.046700000596644],[-69.24659729085089,6.06150007203509],[-69.2165985107529,6.098899840774649],[-69.18949890078525,6.11030006355778],[-69.17459869431072,6.124100208643943],[-69.13659667934627,6.18459987666218],[-69.09329986555953,6.175799847431913],[-68.99130249140892,6.172999859218963],[-68.96990203934887,6.148099899513104],[-68.87599945107827,6.155200004854083],[-68.81490326046968,6.125500201474255],[-68.70420074590476,6.104800223412673],[-68.63439941454459,6.111499785524349],[-68.60679626583139,6.126900195434],[-68.5751037603625,6.124499797311971],[-68.56349945210307,6.107100010611362],[-68.55599975730865,6.106500149200339],[-68.47129821836397,6.14830017103098],[-68.41600036692226,6.155600069982117],[-68.31739807313797,6.14940023478727],[-68.28690338286175,6.156199932624866],[-68.23670196599033,6.18370008537822],[-68.1255035410401,6.20870018019946],[-68.06490326148699,6.185900210383338],[-68.0320968638342,6.186900138791962],[-68.0037994405218,6.174699783424262],[-67.96060180816731,6.195300102593743],[-67.93699646134273,6.235000132911405],[-67.82350158983239,6.295199871352686],[-67.79689789011788,6.279500008217281]]]}},{"type":"Feature","properties":{"DPTO":"88","NOMBRE_DPT":"ARCHIPIELAGO DE SAN ANDRES PROVIDENCIA Y SANTA CATALINA","AREA":49602521.129,"PERIMETER":71946.251,"HECTARES":4960.252},"geometry":{"type":"MultiPolygon","coordinates":[[[[-81.7129569648294,12.594562811518577],[-81.70711995201289,12.597244976656492],[-81.69020188961152,12.583506173474115],[-81.70551662057528,12.578447998191772],[-81.70531999440283,12.570535079937693],[-81.71083211737847,12.575353707078332],[-81.70331352073218,12.569153685340051],[-81.71054085632751,12.565784201480536],[-81.70663729811112,12.546532419480979],[-81.7206751521426,12.50232429369434],[-81.73331742782368,12.482992092760478],[-81.73867722328907,12.494858438548805],[-81.7306364685038,12.528575855608269],[-81.73899031891666,12.533434871137526],[-81.73584600993158,12.557733187313975],[-81.7129569648294,12.594562811518577]]],[[[-81.37284846547311,13.388572417053043],[-81.38022694157556,13.384230731215434],[-81.38454116473183,13.39121656011096],[-81.37471129514066,13.397437161248071],[-81.37284846547311,13.388572417053043]]],[[[-81.37020591186973,13.385835942340497],[-81.35771221193706,13.38019208522092],[-81.36058215454159,13.362724404844094],[-81.35307018879998,13.364521752079943],[-81.3529109862961,13.359637691833115],[-81.3598164526945,13.35609139660789],[-81.36283968276575,13.337032129942074],[-81.39225481843248,13.32348148034729],[-81.39958176747768,13.341862478931171],[-81.395573199805,13.361547887072055],[-81.3878535926663,13.373154393773664],[-81.37576843164325,13.373378261303289],[-81.37020591186973,13.385835942340497]]]]}}]}